"1","1","ostrich","struthio camelus","ostrich","struthio camelus","1"
"7","1","king penguin","aptenodytes patagonica","king penguin","aptenodytes patagonicus","2"
"7","3","gentoo penguin","pygoscelis papua","gentoo penguin","pygoscelis papua","926"
"7","9","rockhopper penguin","eudyptes crestatus","rockhopper penguin","eudyptes chrysocome","4"
"7","11","macaroni penguin","eudyptes chrysolophus","macaroni penguin","eudyptes chrysolophus","5"
"7","15","jackass penguin","spheniscus demersus","jackass penguin","spheniscus demersus","3"
"7","17","magellanic penguin","spheniscus magellanicus","magellanic penguin","spheniscus magellanicus","927"
"9","1","little grebe","tachybaptus ruficollis","dabchick","tachybaptus ruficollis","8"
"9","14","great crested grebe","podiceps cristatus","great crested grebe","podiceps cristatus","6"
"9","16","black-necked grebe","podiceps nigricollis","black-necked grebe","podiceps nigricollis","7"
"10","1","wandering albatross","diomedea exulans","wandering albatross","diomedea exulans","10"
"10","2","royal albatross","diomedea epomophora","royal albatross","diomedea epomophora","9"
"10","6","laysan albatross","diomedea immutabilis","laysan albatross","diomedea immutabilis","905"
"10","7","black-browed albatross","diomedea melanophrys","black-browed albatross","diomedea melanophris","12"
"10","8","buller's albatross","diomedea bulleri","buller's albatross","diomedea bulleri","928"
"10","9","shy albatross","diomedea cauta","shy albatross","diomedea cauta","11"
"10","10","yellow-nosed albatross","diomedea chlororhynchos","yellow-nosed albatross","diomedea chlororhynchos","14"
"10","11","grey-headed albatross","diomedea chrysostoma","grey-headed albatross","diomedea chrysostoma","13"
"10","13","sooty albatross","phoebetria fusca","dark-mantled sooty albatross","phoebetria fusca","15"
"10","14","light-mantled sooty albatross","phoebetria palpebrata","light-mantled sooty albatross","phoebetria palpebrata","16"
"11","1","giant petrel","macronectes giganteus","southern giant petrel","macronectes giganteus","17"
"11","2","hall's giant petrel","macronectes halli","northern giant petrel","macronectes halli","18"
"11","4","southern fulmar","fulmarus glacialoides","antarctic fulmar","fulmarus glacialoides","19"
"11","5","antarctic petrel","thalassoica antartica","antarctic petrel","thalassoica antartica","20"
"11","6","pintado petrel","daption capense","pintado petrel","daption capense","21"
"11","8","great-winged petrel","pterodroma macroptera","great-winged petrel","pterodroma macroptera","23"
"11","10","white-headed petrel","pterodroma lessonii","white-headed petrel","pterodroma lessonii","25"
"11","13","schlegel's petrel","pterodroma incerta","atlantic petrel","pterodroma incerta","26"
"11","18","kerguelen petrel","pterodroma brevirostris","kerguelen petrel","pterodroma brevirostris","27"
"11","23","soft-plumaged petrel","pterodroma mollis","soft-plumaged petrel","pterodroma mollis","24"
"11","36","blue petrel","halobaena caerulea","blue petrel","halobaena caerulea","28"
"11","37","broad-billed prion","pachyptila vittata","broad-billed prion","pachyptila vittata","29"
"11","38","salvin's prion","pachyptila salvini","salvin's prion","pachyptila salvini","931"
"11","39","dove prion","pachyptila desolata","antarctic prion","pachyptila desolata","930"
"11","40","slender-billed prion","pachyptila belcheri","slender-billed prion","pachyptila belcheri","30"
"11","41","fairy prion","pachyptila turtur","fairy prion","pachyptila turtur","31"
"11","43","bulwer's petrel","bulweria bulwerii","bulwer's petrel","bulweria bulwerii","22"
"11","44","juoanin's petrel","bulweria fallax","juoanin's petrel","bulweria fallax","929"
"11","45","brown petrel","procellaria cinerea","grey petrel","procellaria cinerea","33"
"11","46","white-chinned petrel","procellaria aequinoctialis (conspicillata)","spectacled petrel","procellaria conspicillata","932"
"11","46","white-chinned petrel","procellaria aequinoctialis","white-chinned petrel","procellaria aequinoctialis","32"
"11","49","white-faced shearwater","calonectris leucomelas","streaked shearwater","calonectris leucomelas","933"
"11","50","cory's shearwater","calonectris diomedea","cory's shearwater","calonectris diomedea","34"
"11","52","pale-footed shearwater","puffinus carneipes","flesh-footed shearwater","puffinus carneipes","36"
"11","53","greater shearwater","puffinus gravis","great shearwater","puffinus gravis","35"
"11","54","wedge-tailed shearwater","puffinus pacificus","wedge-tailed shearwater","puffinus pacificus","41"
"11","56","sooty shearwater","puffinus griseus","sooty shearwater","puffinus griseus","37"
"11","60","manx shearwater","puffinus puffinus","manx shearwater","puffinus puffinus","38"
"11","60","manx shearwater","puffinus puffinus (yelkouan)","yelkouan shearwater","puffinis yelkouan","934"
"11","65","little shearwater","puffinus assimilis","little shearwater","puffinus assimilis","39"
"11","66","audubon's shearwater","puffinus lherminieri","audubon's shearwater","puffinus lherminieri","40"
"11","67","not recorded","not recorded","mascarene shearwater","puffinis atrodorsallis","935"
"12","1","wilson's petrel","oceanites oceanicus","wilson's storm petrel","oceanites oceanicus","44"
"12","4","white-faced storm petrel","pelagodroma marina","white-faced storm petrel","pelagodroma marina","937"
"12","5","white-bellied storm petrel","fregatta grallaria","white-bellied storm petrel","fregatta grallaria","45"
"12","6","black-bellied storm petrel","fregatta tropica","black-bellied storm petrel","fregatta tropica","46"
"12","8","british storm petrel","hydrobates pelagicus","european storm petrel","hydrobates pelagicus","42"
"12","12","leach's storm petrel","oceanodroma leucorhoa","leach's storm petrel","oceanodroma leucorhoa","43"
"12","14","matsudiara's storm petrel","oceanodroma matsudairae","matsudiara's storm petrel","oceanodroma matsudairae","918"
"14","1","red-billed tropic bird","phaethon aethereus","red-billed tropic bird","phaethon aethereus","910"
"14","2","red-tailed tropic bird","phaethon rubricauda","red-tailed tropic bird","phaethon rubricauda","47"
"14","3","white-tailed tropic bird","phaethon lepturus","white-tailed tropic bird","phaethon lepturus","48"
"15","1","eastern white pelican","pelecanus onocrotalus","white pelican","pelecanus onocrotalus","49"
"15","3","pink-backed pelican","pelecanus rufescens","pink-backed pelican","pelecanus rufescens","50"
"16","2","cape gannet","morus capensis","cape gannet","morus capensis","53"
"16","3","australian gannet","morus serrator","australian gannet","morus serrator","54"
"16","7","blue-faced booby","sula dactylatra","masked booby","sula dactylatra","51"
"16","8","red-footed booby","sula sula","red-footed booby","sula sula","921"
"16","9","brown booby","sula leucogaster","brown booby","sula leucogaster","52"
"17","5","white-breasted cormorant","phalacrocorax lucidus","white-breasted cormorant","phalacrocorax carbo","55"
"17","7","cape cormorant","phalacrocorax capensis","cape cormorant","phalacrocorax capensis","56"
"17","9","bank cormorant","phalacrocorax neglectus","bank cormorant","phalacrocorax neglectus","57"
"17","29","reed cormorant","halietor africanus (coronatus)","crowned cormorant","phalacrocorax coronatus","59"
"17","29","reed cormorant","halietor africanus","reed cormorant","phalacrocorax africanus","58"
"18","1","african darter","anhinga rufa","darter","anhinga melanogaster","60"
"19","4","great frigate bird","fregata minor","greater frigatebird","fregata minor","61"
"19","5","lesser frigatebird","fregata ariel","lesser frigatebird","fregata ariel","922"
"20","1","eurasian bittern","botaurus stellaris","bittern","botaurus stellaris","80"
"20","6","little bittern","ixobrychus minutus","little bittern","ixobrychus minutus","78"
"20","11","dwarf bittern","ixobrychus sturmii","dwarf bittern","ixobrychus sturmii","79"
"20","22","white-backed night heron","gorsachius leuconotus","white-backed night heron","gorsachius leuconotus","77"
"20","23","black-crowned night heron","nycticorax nycticorax","black-crowned night heron","nycticorax nycticorax","76"
"20","28","squacco heron","ardeola ralloides","squacco heron","ardeola ralloides","72"
"20","29","madagascar squacco heron","ardeola idea","madagascar squacco heron","ardeola idae","73"
"20","33","rufous-bellied heron","ardeola rufiventris","rufous-bellied heron","butorides rufiventris","75"
"20","34","cattle egret","bubulcus ibis","cattle egret","bubulcus ibis","71"
"20","36","green heron","butorides striatus","green-backed heron","butorides striatus","74"
"20","38","black heron","egretta ardesiaca","black egret","egretta ardesiaca","69"
"20","39","red-throated heron","egretta vinaceigula","slaty egret","egretta vinaceigula","70"
"20","40","little blue heron","egretta caerulea","little blue heron","egretta caerulea","938"
"20","47","little egret","egretta garzetta","little egret","egretta garzetta","67"
"20","48","intermediate egret","egretta intermedia","yellow-billed egret","egretta intermedia","68"
"20","49","great egret","egretta alba","great white egret","egretta alba","66"
"20","50","purple heron","ardea purpurea","purple heron","ardea purpura","65"
"20","53","grey heron","ardea cinerea","grey heron","ardea cinerea","62"
"20","56","black-headed heron","ardea melanocephala","black-headed heron","ardea melanocephala","63"
"20","58","goliath heron","ardea goliath","goliath heron","ardea goliath","64"
"21","1","whale-headed stork","balaeniceps rex","shoebill","balaeniceps rex","82"
"22","1","hamerkop","scopus umbretta","hamerkop","scopus umbretta","81"
"23","3","yellow-billed stork","mycteria ibis","yellow-billed stork","mycteria ibis","90"
"23","6","african open-bill stork","anastomus lamelligerus","open-billed stork","anastomus lamelligerus","87"
"23","7","black stork","ciconia nigra","black stork","ciconia nigra","84"
"23","8","abdim's stork","ciconia abdimii","abdim's stork","ciconia abdimii","85"
"23","9","woolly-necked stork","ciconia episcopus","woolly-necked stork","ciconia episcopus","86"
"23","11","white stork","ciconia ciconia","white stork","ciconia ciconia","83"
"23","13","saddle bill stork","ephippiorhynchus senegalensis","saddle-billed stork","ephippiorhynchus senegalensis","88"
"23","17","marabou stork","leptoptilos crumeniferus","marabou stork","leptoptilos crumeniferus","89"
"24","1","sacred ibis","threskiornis aethiopicus","sacred ibis","threskiornis aethiopicus","91"
"24","9","bald ibis","geronticus calvus","bald ibis","geronticus calvus","92"
"24","13","hadeda ibis","hagedashia hagedash","hadeda ibis","bostrychia hagedash","94"
"24","24","glossy ibis","plegadis falcinellus","glossy ibis","plegadis falcinellus","93"
"24","30","african spoonbill","platalea alba","african spoonbill","platalea alba","95"
"25","1","greater flamingo","phoenicopterus ruber","greater flamingo","phoenicopterus ruber","96"
"25","3","lesser flamingo","phoeniconaias minor","lesser flamingo","phoenicopterus minor","97"
"27","4","fulvous whistling duck","dendrocygna bicolor","fulvous duck","dendrocygna bicolor","100"
"27","7","white-faced whistling duck","dendrocygna viduata","white-faced duck","dendrocygna viduata","99"
"27","10","mute swan","cygnus olor","mute swan","cygnus olor","98"
"27","39","egyptian goose","alopochen aegyptiacus","egyptian goose","alopochen aegyptiacus","102"
"27","41","south african shelduck","tadorna cana","south african shelduck","tadorna cana","103"
"27","49","spur-winged goose","plectropterus gambensis","spur-winged goose","plectropterus gambensis","116"
"27","52","comb duck","sarkidiornis melanotos","knob-billed duck","sarkidiornis melanotos","115"
"27","56","african pygmy goose","nettapus auritus","pygmy goose","nettapus auritus","114"
"27","65","african black duck","anas sparsa","african black duck","anas sparsa","105"
"27","74","cape teal","anas capensis","cape teal","anas capensis","106"
"27","79","mallard","anas platyrhynchos","mallard","anas platyrhynchos","923"
"27","82","african yellow-bill","anas undulata","yellow-billed duck","anas undulata","104"
"27","87","pintail","anas acuta","pintail","anas acuta","109"
"27","90","red-billed pintail","anas erythrorhyncha","red-billed teal","anas erythrorhyncha","108"
"27","92","hottentot teal","anas punctata","hottentot teal","anas hottentota","107"
"27","93","garganey","anas querquedula","garganey","anas querquedula","110"
"27","97","cape shoveller","anas smithii","cape shoveller","anas smithii","112"
"27","99","common shoveller","anas clypeata","european shoveller","anas clypeata","111"
"27","104","southern pochard","netta erythropthalma","southern pochard","netta erythropthalma","113"
"27","140","maccoa duck","oxyura maccoa","maccoa duck","oxyura maccoa","117"
"27","144","white-backed duck","thalassornis leuconotus","white-backed duck","thalassornis leuconotus","101"
"29","1","osprey","pandion haliaetus","osprey","pandion haliaetus","170"
"30","1","african cuckoo hawk","avecida cuculoides","cuckoo hawk","avecida cuculoides","128"
"30","10","honey buzzard","pernis apivorus","honey buzzard","pernis apivorus","130"
"30","14","bat hawk","machaeramphus alcinus","bat hawk","machaeramphus alcinus","129"
"30","17","black-shouldered kite","elanus caeruleus","black-shouldered kite","elanus caeruleus","127"
"30","29","black kite","milvus migrans (parasitus)","yellow-billed kite","milvus parasitus","940"
"30","29","black kite","milvus migrans","black kite","milvus migrans","126"
"30","35","african fish eagle","haliaeetus vocifer","african fish eagle","haliaeetus vocifer","148"
"30","43","palm-nut vulture","gypohierax angolensis","palmnut vulture","gypohierax angolensis","147"
"30","44","egyptian vulture","neophron percnopterus","egyptian vulture","neophron percnopterus","120"
"30","45","lammergeier","gypaetus barbatus","lammergeier","gypaetus barbatus","119"
"30","46","hooded vulture","necrosyrtes monachus","hooded vulture","necrosyrtes monachus","121"
"30","48","african white-backed vulture","gyps africanus","white-backed vulture","gyps africanus","123"
"30","50","ruppel's griffon","gyps rueppellii","ruppel's vulture","gyps rupelli","939"
"30","53","cape vulture","gyps coprotheres","cape vulture","gyps copcotheres","122"
"30","54","lappet-faced vulture","aegypius tracheliotus","lappet-faced vulture","torgos tracheliotus","124"
"30","56","white-headed vulture","aegypius occipitalis","white-headed vulture","trigonoceps occipitalis","125"
"30","58","short-toed eagle +","circaetus gallicus","black-breasted snake eagle","circaetus gallicus","143"
"30","59","brown harrier eagle","circaetus cinereus","brown snake eagle","circaetus cinereus","142"
"30","60","southern banded snake eagle","circaetus fasciolatus","southern banded snake eagle","circaetus fasciolatus","144"
"30","61","smaller banded snake eagle","circaetus cinerascens","western banded snake eagle","circaetus cinerascens","145"
"30","62","bateleur","terathopius ecaudatus","bateleur","terathopius ecaudatus","146"
"30","70","african harrier hawk","polyboroides typus","gymnogene","polyboroides typus","169"
"30","74","marsh harrier","circus aeruginosus","european marsh harrier","circus aeruginosus","164"
"30","75","african marsh harrier","circus ranivorus","african marsh harrier","circus ranivorus","165"
"30","76","black harrier","black harrier","black harrier","circus maurus","168"
"30","79","pallid harrier","circus macrourus","pallid harrier","circus macrourus","167"
"30","80","montagu's harrier","circus pygargus","montagu's harrier","circus pygargus","166"
"30","83","dark chanting goshawk","melierax metabates","dark chanting goshawk","melierax metabates","163"
"30","84","pale chanting goshawk","melierax canorus","pale chanting goshawk","melierax canorus","162"
"30","85","gabar goshawk","melierax gabar","gabar goshawk","micronisus gabar","161"
"30","90","great sparrow hawk","accipiter melanoleucus","black sparrowhawk","accipiter melanoleucus","158"
"30","93","ovambo sparrow hawk","accipiter ovambopensis","ovambo sparrowhawk","accipiter ovambopensis","156"
"30","103","rufous-breasted sparrow hawk","accipiter rufiventris","red-breasted sparrowhawk","accipiter rufiventris","155"
"30","106","african little sparrow hawk","accipiter minullus","little sparrowhawk","accipiter minullus","157"
"30","108","african goshawk","accipiter tachiro","african goshawk","accipiter tachiro","160"
"30","126","shikra","accipiter badius","little banded goshawk","accipiter badius","159"
"30","140","lizard buzzard","kaupifalco monogrammicus","lizard buzzard","kaupifalco monogrammicus","154"
"30","176","common buzzard","buteo buteo","steppe buzzard","buteo buteo","149"
"30","177","african mountain buzzard","buteo oreophilus","forest buzzard","buteo tachardus","150"
"30","180","long-legged buzzard","buteo rufinus","long-legged buzzard","buteo rufinus","151"
"30","184","augur buzzard","buteo rufofuscus","jackal buzzard","buteo rufofuscus","152"
"30","184","augur buzzard","buteo rufofuscus (augur)","augur buzzard","buteo augur","153"
"30","190","lesser spotted eagle","aquila pomarina","lesser spotted eagle","aquila pomarina","134"
"30","192","tawny eagle","aquila rapax (nipalensis)","steppe eagle","aquila nipalensis","133"
"30","192","tawny eagle","aquila rapax","tawny eagle","aquila rapax","132"
"30","194","wahlbergs eagle","aquila wahlbergi","wahlbergs eagle","aquila wahlbergi","135"
"30","198","verreaux's eagle","aquila verreauxii","black eagle","aquila verreauxii","131"
"30","199","bonelli's eagle","hieraaetus fasciatus","african hawk eagle","hieraaetus spilogaster","137"
"30","200","booted eagle","hieraaetus pennatus","booted eagle","hieraaetus pennatus","136"
"30","202","ayre's hawk eagle","hieraaetus dubius","ayre's eagle","hieraaetus ayresii","138"
"30","205","long-crested eagle","lophaetus occipitalis","long-crested eagle","lophaetus occipitalis","139"
"30","216","crowned eagle","stephanoaetus coronatus","crowned eagle","stephanoaetus coronatus","141"
"30","218","martial eagle","polemaetus bellicosus","martial eagle","polemaetus bellicosus","140"
"31","1","secretary bird","sagittarius serpentarius","secretary bird","sagittarius serpentarius","118"
"32","17","african pygmy falcon","polihierax semitoquatus","pygmy falcon","polihierax semitoquatus","186"
"32","24","lesser kestrel","falco naumanni","lesser kestrel","falco naumanni","183"
"32","25","greater kestrel","falco rupicoloides","greater kestrel","falco rupicoloides","182"
"32","28","common kestrel","falco tinnunculus","rock kestrel","falco tinnunculus","181"
"32","34","grey kestrel","falco ardosiaceus","grey kestrel","falco ardosiaceus","184"
"32","35","dickinson's kestrel","falco dickinsoni","dickinson's kestrel","falco dickinsoni","185"
"32","37","red-footed falcon","falco vespertinus","western red-footed falcon","falco vespertinus","179"
"32","37","red-footed falcon","falco amurensis","eastern red-footed falcon","falco amurensis","180"
"32","38","red-headed falcon","falco chicquera","red-necked falcon","falco chicquera","178"
"32","42","european hobby","falco subbuteo","hobby falcon","falco subbuteo","173"
"32","43","african hobby","falco cuvierii","african hobby falcon","falco cuvierii","174"
"32","46","eleonora's falcon","falco eleonorae","eleonora's falcon","falco eleonorae","177"
"32","47","sooty falcon","falco concolor","sooty falcon","falco concolor","175"
"32","52","lanner falcon","falco biarmicus","lanner falcon","falco biarmicus","172"
"32","58","taita falcon","falco fasciinucha","taita falcon","falco fasciinucha","176"
"32","60","peregrine falcon","falco peregrinus","peregrine falcon","falco peregrinus","171"
"35","62","chukar partridge","alectoris chukar","chukar partridge","alectoris chukar","187"
"35","72","bare-throated francolin","francolinus afer","red-necked francolin","francolinus afer","198"
"35","73","swainson's francolin","francolinus swainsonii","swainson's francolin","francolinus swainsonii","199"
"35","90","natal francolin","francolinus natalensis","natal francolin","francolinus natalensis","196"
"35","91","hartlaub's francolin","francolinus hartlaubi","hartlaub's francolin","francolinus hartlaubi","197"
"35","93","red-billed francolin","francolinus adspersus","red-billed francolin","francolinus adspersus","194"
"35","94","cape francolin","francolinus capensis","cape francolin","francolinus capensis","195"
"35","95","crested francolin","francolinus sephaena","crested francolin","francolinus sephaena","189"
"35","98","shelley's francolin","francolinus shelleyi","shelley's francolin","francolinus shelleyi","191"
"35","99","grey-wing francolin","francolinus africanus","grey-wing francolin","francolinus africanus","190"
"35","100","archers's greywing francolin","francolinus levaillantoides","orange river francolin","francolinus levaillantoides","193"
"35","101","red-wing francolin","francolinus levaillantii","red-wing francolin","francolinus levaillantii","192"
"35","103","coqui francolin","francolinus coqui","coqui francolin","francolinus coqui","188"
"35","116","common quail","coturnix coturnix","common quail","coturnix coturnix","200"
"35","119","harlequin quail","coturnix delegorguei","harlequin quail","coturnix delegorguei","201"
"35","122","blue quail","excalfactoria adansonii","blue quail","coturnix adansonii","202"
"35","202","common peafowl","pavo cristatus","common peafowl","pavo cristatus","924"
"35","207","helmet guineafowl","numida meleagris","helmeted guineafowl","numida meleagris","203"
"35","209","crested guineafowl","guttera edouardia","crested guineafowl","guttera pucherani","204"
"38","1","little button quail","turnix sylvatica","kurrichane buttonquail","turnix sylvatica","205"
"38","4","hottentot button quail","turnix hottentotta","black-rumped buttonquail","turnix hottentotta","206"
"40","11","wattled crane","bugeranus carunculatus","wattled crane","grus carunculata","207"
"40","13","stanley crane","anthropoides paradisea","blue crane","anthropoides paradisea","208"
"40","15","south african crowned crane","balearica regulorum","southern crowned crane","balearica regulorum","209"
"43","30","kaffir rail","rallus caerulescens","african rail","rallus caerulescens","210"
"43","51","red-chested crake","coturnicops rufa","red-chested flufftail","sarothrura rufa","217"
"43","53","chestnut-headed crake","coturnicops lugens","long-toed flufftail","sarothrura lugens","220"
"43","54","streaky-breasted crake","coturnicops boehmi","streaky-breasted flufftail","sarothrura boehmi","219"
"43","55","buff-spotted crake","coturnicops elegans","buff-spotted flufftail","sarothrura elegans","218"
"43","56","chestnut-tailed crake","coturnicops affinis","striped flufftail","sarothrura affinis","221"
"43","59","white-winged crake","coturnicops ayresi","white-winged flufftail","sarothrura ayresi","222"
"43","74","corncrake","crex crex","corncrake","crex crex","211"
"43","75","african crake","porzana egregia","african crake","crex egregia","212"
"43","76","black crake","porzana flavirostra","black crake","amaurornis flavirostris","213"
"43","82","striped crake","porzana marginalis","striped crake","aenigmatolimnas marginalis","216"
"43","88","baillon's crake","porzana pusilla","baillon's crake","porzana pusilla","215"
"43","90","spotted crake","porzana porzana","spotted crake","porzana porzana","214"
"43","106","moorhen","gallinula chloropus","moorhen","gallinula chloropus","226"
"43","108","lesser moorhen","gallinula angulata","lesser moorhen","gallinula angulata","227"
"43","110","allen's gallinule","gallenula alleni","lesser gallinule","porphyrio alleni","224"
"43","111","purple gallinule","gallenula martinica","american purple gallinule","porphyrula martinica","225"
"43","112","purple swamphen","porphyrio porphyrio","purple gallinule","porphyrio porphyrio","223"
"43","122","red-knobbed coot","fulica cristata","red-knobbed coot","fulica cristata","228"
"44","1","peter's finfoot","podica senegalensis","african finfoot","podica senegalensis","229"
"48","3","barrow's bustard","neotis cafra (denhami)","stanley's bustard","neotis denhami","231"
"48","4","gallinula angulata","neotis ludwigii","ludwig's bustard","neotis ludwigii","232"
"48","9","kori bustard","choriotis kori","kori bustard","ardeotis kori","230"
"48","14","crested bustard","lophotis ruficrista","red-crested korhaan","eupodotis ruficrista","237"
"48","15","little black bustard","afrotis afra (afraoides)","northern black korhaan","eupodotis afraoides","941"
"48","15","little black bustard","afrotis afra (afra)","black korhaan","eupodotis afra","239"
"48","16","black-throated bustard","eupodotis vigorsii","karoo korhaan","eupodotis vigorsii","235"
"48","17","ruppell's bustard","eupodotis rueppellii","ruppell's korhaan","eupodotis rueppellii","236"
"48","19","white-bellied bustard","eupodotis senegalensis","white-bellied korhaan","eupodotis cafra","233"
"48","20","blue bustard","eupodotis caerulescens","blue korhaan","eupodotis caerulescens","234"
"48","21","black-bellied bustard","lissotis melanogaster","black-bellied korhaan","eupodotis melanogaster","238"
"49","1","smaller jacana","microparra capensis","lesser jacana","microparra capensis","241"
"49","2","african jacana","actophilornis africana","african jacana","actophilornis africanus","240"
"50","1","painted snipe","rostratula benghalensis","painted snipe","rostratula benghalensis","242"
"51","1","crab plover","dromas ardeola","crab plover","dromas ardeola","296"
"52","1","oystercatcher","haematopus ostralegus","european oystercatcher","haematopus ostralegus","243"
"52","3","african black oystercatcher","haematopus moquini","african black oystercatcher","haematopus moquini","244"
"54","1","black-winged stilt","himantopus himantopus","black-winged stilt","himantopus himantopus","295"
"54","10","avocet","recurvirostra avosetta","avocet","recurvirostra avosetta","294"
"55","3","water dikkop","burhinus vermiculatus","water dikkop","burhinus vermiculatus","298"
"55","4","cape dikkop","burhinus capensis","spotted dikkop","burhinus capensis","297"
"56","2","cream-coloured courser","cursorius cursor (rufus)","burchell's courser","cursorius rufus","299"
"56","4","temminck's courser","cursorius temminckii","temminck's courser","cursorius temminckii","300"
"56","5","two-banded courser","rhinoptilus africanus","double-banded courser","rhinoptilus africanus","301"
"56","6","heuglin's courser","rhinoptilus cinctus","three-banded courser","rhinoptilus cinctus","302"
"56","7","bronze-winged course","rhinoptilus chalcopterus","bronze-winged courser","rhinoptilus chalcopterus","303"
"56","10","pratincole","glareola pratincola","red-winged pratincole","glareola pratincola","304"
"56","12","black-winged pratincole","glareola nordmanni","black-winged pratincole","glareola nordmanni","305"
"56","14","white-collared pratincole","glareola nuchalis","rock pratincole","glareola nuchalis","306"
"57","2","long-toed lapwing","glareola nuchalis","long-toed plover","vanellus crassirostris","261"
"57","3","spur-winged plover","vanellus spinosus","spur-winged plover","vanellus spinosus","920"
"57","7","white-crowned wattled lapwing","vanellus albiceps","white-crowned plover","vanellus albiceps","259"
"57","8","senegal plover","vanellus lugubris","lesser black-winged plover","vanellus lugubris","256"
"57","9","black-winged plover","vanellus melanopterus","black-winged plover","vanellus melanopterus","257"
"57","10","crowned plover","vanellus coronatus","crowned plover","vanellus coronatuus","255"
"57","11","senegal wattled plover","vanellus senegallus","wattled plover","vanellus senegallus","260"
"57","24","blacksmith plover","anitibyx armatus","blacksmith plover","vanellus armatus","258"
"57","26","american golden plover","pluvialis dominica","american golden plover","pluvialis dominica","942"
"57","26","pacific golden plover","pluvialis dominica (fulva)","pacific golden plover","pluvialis fulva","253"
"57","27","grey plover","pluvialis squatarola","grey plover","pluvialis squatarola","254"
"57","29","ringed plover","charadrius hiaticula","ringed plover","charadrius hiaticula","245"
"57","37","kittlitz's sand plover","charadrius pecuarius","kittlitz's plover","charadrius pecuarius","248"
"57","39","three-banded plover","charadrius tricollaris","three-banded plover","charadrius tricollaris","249"
"57","40","kentish plover","charadrius alexandrinus","kentish plover","charadrius alexandrinus","908"
"57","41","white-fronted sand plover","charadrius marginatus","white-fronted plover","charadrius marginatus","246"
"57","45","chestnut-banded sand plover","charadrius venustus (pallidus)","chestnut-banded plover","charadrius pallidus","247"
"57","49","mongolian plover","charadrius mongolus","mongolian plover","charadrius mongolus","250"
"57","50","great sand plover","charadrius leschenaultii","sand plover","charadrius leschenaultii","251"
"57","51","caspian plover","charadrius asiaticus","caspian plover","charadrius asiaticus","252"
"58","1","black-tailed godwit","limosa limosa","black-tailed godwit","limosa limosa","287"
"58","2","hudsonian godwit","limosa haemastica","hudsonian godwit","limosa haemastica","914"
"58","3","bar-tailed godwit","limosa lapponica","bar-tailed godwit","limosa lapponica","288"
"58","7","whimbrel","numenius phaeopus","whimbrel","numenius phaeopus","290"
"58","10","curlew","numenius arquata","curlew","numenius arquata","289"
"58","14","spotted redshank","tringa erythropus","spotted redshank","tringa erythropus","267"
"58","15","redshank","tringa totanus","redshank","tringa totanus","268"
"58","16","marsh sandpiper","tringa stagnatilis","marsh sandpiper","tringa stagnatilis","269"
"58","17","greenshank","tringa nebularia","greenshank","tringa nebularia","270"
"58","19","greater yellowlegs","tringa melanoleuca","greater yellowlegs","tringa melanoleuca","906"
"58","20","lesser yellowlegs","tringa flavipes","lesser yellowlegs","tringa flavipes","902"
"58","21","green sandpiper","tringa ochropus","green sandpiper","tringa ochropus","265"
"58","23","wood sandpiper","tringa glareola","wood sandpiper","tringa glareola","266"
"58","25","terek sandpiper","xenus cinereus","terek sandpiper","xenus cinereus","263"
"58","26","common sandpiper","actitis hypoleucos","common sandpiper","tringa hypoleucos","264"
"58","31","turnstone","arenaria interpres","turnstone","arenaria interpres","262"
"58","33","wilson's phalarope","phalaropus tricolor","wilson's phalarope","phalaropus tricolor","293"
"58","34","red-necked phalarope","phalaropus lobatus","red-necked phalarope","phalaropus lobatus","292"
"58","35","grey phalarope","phalaropus fulicarius","grey phalarope","phalaropus fulicarius","291"
"58","48","african snipe","gallinago nigripennis","ethiopian snipe","gallinago nigripennis","286"
"58","50","great snipe","gallinago media","great snipe","gallinago media","285"
"58","63","knot","calidris canutus","knot","calidris canutus","271"
"58","65","sanderling","calidris alba","sanderling","calidris alba","281"
"58","68","rufous-necked stint","calidris ruficollis","red-necked stint","calidris ruficollis","276"
"58","69","little stint","calidris minuta","little stint","calidris minuta","274"
"58","70","calidris canutus","calidris temminckii","temmink's stint","calidris temminckii","280"
"58","71","long-toed stint","calidris subminuta","long-toed stint","calidris subminuta","275"
"58","73","white-rumped sandpiper","calidris fuscicollis","white-rumped sandpiper","calidris fuscicollis","277"
"58","74","baird's sandpiper","calidris bairdii","baird's sandpiper","calidris bairdii","278"
"58","75","pectoral sandpiper","calidris melanotos","pectoral sandpiper","calidris melanotos","279"
"58","79","dunlin","calidris alpina","dunlin","calidris alpina","273"
"58","80","curlew sandpiper","calidris ferruginea","curlew sandpiper","calidris ferruginea","272"
"58","82","broad-billed sandpiper","limicola falcinellus","broad-billed sandpiper","limicola falcinellus","283"
"58","84","buff-breasted sandpiper","tryngites subruficollis","buff-breasted sandpiper","tryngites subruficollis","282"
"58","85","ruff","philomachus pugnax","ruff","philomachus pugnax","284"
"60","1","snowy sheathbill","chionis alba","greater sheathbill","chionis alba","912"
"61","1","great skua","catharacta skua","subantarctic skua","catharacta antartica","310"
"61","2","mccormick's skua","catharacta maccormicki","south polar skua","catharacta maccormicki","311"
"61","3","pomarine skua","stercorarius pomarinus","pomarine skua","stercorarius pomarinus","309"
"61","4","arctic skua","stercorarius parasiticus","arctic skua","stercorarius parasiticus","307"
"61","5","long-tailed skua","stercorarius longicaudus","long-tailed skua","stercorarius longicaudus","308"
"62","15","herring gull","larus argentatus","herring gull","larus argentatus","314"
"62","17","lesser black-backed gull","larus fuscus","lesser black-backed gull","larus fuscus","313"
"62","20","southern black-backed gull","larus dominicanus","kelp gull","larus dominicanus","312"
"62","29","grey-headed gull","larus cirrocephalus","grey-headed gull","larus cirrocephalus","315"
"62","31","franklin's gull","larus pipixcan","franklin's gull","larus pipixcan","317"
"62","32","silver gull ?","larus novaehollandiae (hartlaubii) ?","hartlaub's gull","larus hartlaubii","316"
"62","37","black-headed gull","larus ridibundus","black-headed gull","larus ridibundus","319"
"62","38","slender-billed gull","larus genei","slender-billed gull","larus genei","955"
"62","43","kittiwake","rissa tridactyla","black-legged kittiwake","rissa tridactyla","320"
"62","46","sabine's gull","xema sabini","sabine's gull","larus sabini","318"
"62","47","whiskered tern","chlidonias hybrida","whiskered tern","chlidonias hybridus","338"
"62","48","white-winged black tern","chlidonias leucoptera","white-winged tern","chlidonias leucopterus","339"
"62","49","black tern","chlidonias nigra","black tern","chlidonias niger","337"
"62","51","gull-billed tern","gelochelidon nilotica","gull-billed tern","gelochelidon nilotica","321"
"62","52","caspian tern","hydroprogne caspia","caspian tern","hydroprogne caspia","322"
"62","55","common tern","sterna hirundo","common tern","sterna hirundo","327"
"62","56","arctic tern","sterna paradisaea","arctic tern","sterna paradisaea","328"
"62","57","swallowtailed tern","sterna vittata","antarctic tern","sterna vittata","329"
"62","61","roseate tern","sterna dougallii","roseate tern","sterna dougallii","330"
"62","63","white-cheeked tern","sterna repressa","white-cheeked tern","sterna repressa","336"
"62","64","black-naped tern","sterna sumatrana","black-naped tern","sterna sumatrana","331"
"62","68","bridled tern","sterna anaethetus","bridled tern","sterna anaethetus","333"
"62","69","sooty tern","sterna fuscata","sooty tern","sterna fuscata","332"
"62","73","damara tern","sterna balaenarum","damara tern","sterna balaenarum","334"
"62","75","little tern","sterna albifrons","little tern","sterna albifrons","335"
"62","77","crested tern","thalasseus bergii","swift tern","sterna bergii","324"
"62","78","royal tern","thalasseus maximus","royal tern","sterna maxima","323"
"62","79","lesser crested tern","thalasseus bengalensis","lesser crested tern","sterna bengalensis","325"
"62","83","sandwich tern","thalasseus sandvicensis","sandwich tern","sterna sandvicensis","326"
"62","86","common noddy","anous stolidus","common noddy","anous stolidus","340"
"62","87","lesser noddy","anous tenuirostris","lesser noddy","anous tenuirostris","341"
"62","89","white tern","gygis alba","fairy tern","gygis alba","342"
"63","2","african skimmer","rynchops flavirostris","african skimmer","rynchops flavirostris","343"
"65","4","namaqua sandgrouse","pterocles namaqua","namaqua sandgrouse","pterocles namaqua","344"
"65","9","yellow-throated sandgrouse","pterocles gutturalis","yellow-throated sandgrouse","pterocles gutturalis","346"
"65","10","variegated sandgrouse","pterocles burchelli","burchell's sandgrouse","pterocles burchelli","345"
"65","14","double-banded sandgrouse","pterocles bicinctus","double-banded sandgrouse","pterocles bicinctus","347"
"66","1","rock dove","colomba livia","feral pigeon","colomba livia","348"
"66","4","speckled pigeon","colomba guinea","rock pigeon","colomba guinea","349"
"66","14","olive pigeon","colomba arquatrix","rameron pigeon","colomba arquatrix","350"
"66","48","delegorgue's pigeon","colomba delegorguei","delegorgue's pigeon","colomba delegorguei","351"
"66","52","turtle dove","streptopelia turtur","european turtle dove","streptopelia turtur","919"
"66","60","mourning collared dove","streptopelia decipiens","mourning dove","streptopelia decipiens","353"
"66","61","red-eyed dove","streptopelia semitorquata","red-eyed dove","streptopelia semitorquata","352"
"66","62","ring-necked dove","streptopelia capicola","cape turtle dove","streptopelia capicola","354"
"66","67","laughing dove","streptopelia senegalensis","laughing dove","streptopelia senegalensis","355"
"66","68","lemon dove","aplopelia larvata","cinnamon dove","aplopelia larvata","360"
"66","82","emerald-spotted wood dove","turtur chalcospilos","green-spotted dove","turtur chalcospilos","358"
"66","84","blue-spotted wood dove","turtur afer","blue-spotted dove","turtur afer","357"
"66","85","tambourine dove","turtur tympanistria","tambourine dove","turtur tympanistria","359"
"66","87","namaqua dove","oena capensis","namaqua dove","oena capensis","356"
"66","194","african green pigeon","treron calva","african green pigeon","treron calva","361"
"69","81","cape parrot","poicephalus robustus","cape parrot","poicephalus robustus","362"
"69","81","cape parrot","poicephalus robustus (suahelicus)","grey-headed parrot","poicephalus suahelicus","943"
"69","83","brown-headed parrot","poicephalus cryptoxanthus","brown-headed parrot","poicephalus cryptoxanthus","363"
"69","87","meyer's parrot","poicephalus meyeri","meyer's parrot","poicephalus meyeri","364"
"69","88","ruppell's parrot","poicephalus ruepellii","ruppell's parrot","poicephalus ruepellii","365"
"69","94","peach-faced lovebird","agapornis roseicollis","rosy-faced lovebird","agapornis roseicollis","367"
"69","97","nyasa lovebird","agapornis lilianae","lilians lovebird","agapornis lilianae","368"
"69","98","black-cheeked lovebird","agapornis nigrigenis","black-cheeked lovebird","agapornis nigrigenis","369"
"69","110","rose-ringed parakeet","psittacula krameri","rose-ringed parakeet","psittacula krameri","366"
"70","4","go-away bird","corythaixoides concolor","grey lourie","corythaixoides concolor","373"
"70","8","lady ross's turaco","musophaga rossae","ross's lourie","musophaga rossae","372"
"70","9","knysna turaco","tauraco corythaix (corythaix)","knysna lourie","tauraco corythaix","370"
"70","9","knysna turaco","tauraco corythaix (livingstonii)","livingstone's turaco","tauraco livingstonii","944"
"70","9","knysna turaco","tauraco corythaix (schalowi)","schalow's turaco","tauraco schalowi","945"
"70","17","violet-crested turaco","tauraco porphyreolopha","purple-crested lourie","tauraco porphyreolophus","371"
"71","1","great spotted cuckoo","clamator glandarius","great spotted cuckoo","clamator glandarius","380"
"71","3","black and white (pied) cuckoo","clamator jacobinus","jacobin cuckoo","clamator jacobinus","382"
"71","4","levaillant's cuckoo","clamator levaillantii","striped cuckoo","clamator levaillantii","381"
"71","5","thick-billed cuckoo","pachycoccyx audeberti","thick-billed cuckoo","pachycoccyx audeberti","383"
"71","11","red-chested cuckoo","cuculus solitarius","red-chested cuckoo","cuculus solitarius","377"
"71","12","black cuckoo","cuculus cafer","black cuckoo","cuculus clamosus","378"
"71","14","european cuckoo","cuculus canorus (gularis)","african cuckoo","cuculus gularis","375"
"71","14","european cuckoo","cuculus canorus","european cuckoo","cuculus canorus","374"
"71","16","little cuckoo","cuculus poliocephalus","lesser cuckoo","cuculus poliocephalus","376"
"71","16","little cuckoo","cuculus poliocephalus (rochii)","madagascar cuckoo","cuculus rochii","925"
"71","20","mountain long-tailed cuckoo","cercococcyx montanus","barred cuckoo","cercococcyx montanus","379"
"71","29","african emerald cuckoo","chrysococcyx cupreus","emerald cuckoo","chrysococcyx cupreus","384"
"71","31","klaas' cuckoo","chrysococcyx klaas","klaas's cuckoo","chrysococcyx klaas","385"
"71","32","didric cuckoo","chrysococcyx caprius","diederick cuckoo","chrysococcyx caprius","386"
"71","63","yellowbill","ceuthmochares aereus","green coucal","ceuthmochares aereus","387"
"71","118","lesser coucal","centropus bengalensis","black coucal","centropus bengalensis","388"
"71","123","blue-headed coucal","centropus monarchus (cupreicaudus)","coppery-tailed coucal","centropus cupreicaudus","389"
"71","124","senegal coucal","centropus senegalensis","senegal coucal","centropus senegalensis","390"
"71","125","white-browed coucal","centropus superciliosus","white-browed coucal","centropus superciliosus","946"
"71","125","white-browed coucal","centropus superciliosus (burchelli)","burchell's coucal","centropus burchelli","391"
"72","2","barn owl","tyto alba","barn owl","tyto alba","392"
"72","9","grass owl","tyto capensis","grass owl","tyto capensis","393"
"73","11","african scops owl","otus senegalensis","african scops owl","otus senegalensis","396"
"73","35","white-faced scops owl","otus leucotis","white-faced owl","otus leucotis","397"
"73","43","cape eagle owl","bubo capensis","cape eagle owl","bubo capensis","400"
"73","44","spotted eagle owl","bubo africanus","spotted eagle owl","bubo africanus","401"
"73","45","verreaux's eagle owl","bubo lacteus","giant eagle owl","bubo lacteus","402"
"73","57","pel's fishing owl","scotopelia peli","pel's fishing owl","scotopelia peli","403"
"73","71","pearl-spotted owlet","glaucidium perlatum","pearl-spotted owl","glaucidium perlatum","398"
"73","73","barred owlet","glaucidium capense","barred owl","glaucidium capense","399"
"73","109","african wood owl","ciccaba woodfordii","wood owl","strix woodfordii","394"
"73","128","african marsh owl","asio capensis","marsh owl","asio capensis","395"
"78","42","european nightjar","caprimulgus europaeus","european nightjar","caprimulgus europaeus","404"
"78","50","african dusky nightjar","caprimulgus pectoralis","fiery-necked nightjar","caprimulgus pectoralis","405"
"78","51","rufous-cheeked nightjar","caprimulgus rufigena","rufous-necked nightjar","caprimulgus rufigena","406"
"78","55","african white-tailed nightjar","caprimulgus natalensis","natal nightjar","caprimulgus natalensis","407"
"78","61","freckled nightjar","caprimulgus tristigma","freckled nightjar","caprimulgus tristigma","408"
"78","66","gabon nightjar","scotornis fossii","mozambique nightjar","caprimulgus fossii","409"
"78","69","pennant-winged nightjar","semeiophorus  vexillarius","pennant-winged nightjar","macrodipteryx vexillaria","410"
"79","35","scarce swift","schoutedenapus myoptilus","scarce swift","schoutedenapus myoptilus","420"
"79","42","mottle-throated spine-tailed swift","telecanthura ussheri","mottled spinetail","telecanthura ussheri","422"
"79","47","bohm's spine-tailed swift","neafrapus boehmi","bohm's spinetail","neafrapus boehmi","423"
"79","69","african palm swift","cypsiurus parvus","palm swift","cypsiurus parvus","421"
"79","70","alpine swift","apus melba","alpine swift","apus melba","418"
"79","71","mottled swift","apus aequatorialis","mottled swift","apus aequatorialis","419"
"79","73","african black swift","apus barbatus","black swift","apus barbatus","412"
"79","75","bradfield's swift","apus bradfieldi","bradfield's swift","apus bradfieldi","413"
"79","77","pallid swift","apus pallidus","pallid swift","apus pallidus","414"
"79","78","common swift","apus apus","european swift","apus apus","411"
"79","81","house swift","apus affinis","little swift","apus affinis","417"
"79","82","horus swift","apus horus","horus swift","apus horus","416"
"79","83","white-rumped swift","apus caffer","white-rumped swift","apus caffer","415"
"82","1","speckled mousebird","colius striatus","speckled mousebird","colius striatus","424"
"82","3","white-backed mousebird","colius colius","white-backed mousebird","colius colius","425"
"82","4","red-faced mousebird","colius indicus","red-faced mousebird","colius indicus","426"
"83","24","narina trogon","apaloderma narina","narina trogon","apaloderma narina","427"
"84","2","giant kingfisher","ceryle maxima","giant kingfisher","ceryle maxima","429"
"84","5","lesser pied kingfisher","ceryle rudis","pied kingfisher","ceryle rudis","428"
"84","12","half-collared kingfisher","alcedo semitorquata","half-collared kingfisher","alcedo semitorquata","430"
"84","17","malachite kingfisher","alcedo cristata","malachite kingfisher","alcedo cristata","431"
"84","20","african pygmy kingfisher","ceyx picta","pygmy kingfisher","ispidina picta","432"
"84","49","grey-headed kingfisher","halcyon leucocephala","grey-hooded kingfisher","halcyon leucocephala","436"
"84","50","woodland kingfisher","halcyon senegalensis","woodland kingfisher","halcyon senegalensis","433"
"84","51","african mangrove kingfisher","halcyon senegaloides","mangrove kingfisher","halcyon senegaloides","434"
"84","53","brown-hooded kingfisher","halcyon albiventris","brown-hooded kingfisher","halcyon albiventris","435"
"84","54","striped kingfisher","halcyon chelicuti","striped kingfisher","halcyon chelicuti","437"
"87","7","white-fronted bee-eater","merops bullockoides","white-fronted bee-eater","merops bullockoides","443"
"87","8","little bee-eater","merops pusillus","little bee-eater","merops pusillus","444"
"87","11","swallow-tailed bee-eater","merops hirundineus","swallow-tailed bee-eater","merops hirundineus","445"
"87","14","white-throated bee-eater","merops albicollis","white-throated bee-eater","merops albicollis","917"
"87","16","boehm's bee-eater","merops boehmi","bohm's bee-eater","merops boehmi","442"
"87","18","blue-cheeked bee-eater","merops superciliosus (superciliosus)","olive bee-eater","merops superciliosus","439"
"87","18","blue-cheeked bee-eater","merops superciliosus (persicus)","blue-cheecked bee-eater","merops persicus","440"
"87","21","european bee-eater","merops apiaster","european bee-eater","merops apiaster","438"
"87","24","carmine bee-eater","merops nubicus","carmine bee-eater","merops nubicoides","441"
"88","1","common roller","coracias garrulus","european roller","coracias garrulus","446"
"88","3","lilac-breasted roller","coracias caudata","lilac-breasted roller","coracias caudata","447"
"88","4","racquet-tailed roller","coracias spatulata","racquet-tailed roller","coracias spatulata","448"
"88","5","rufous-crowned roller","coracias naevia","purple roller","coracias naevia","449"
"88","9","broad-billed roller","eurystomus glaucurus","broad-billed roller","eurystomus glaucurus","450"
"91","1","hoopoe","upupa epops","hoopoe","upupa epops","451"
"92","1","green wood hoopoe","phoeniculus purpureus","red-billed wood hoopoe","phoeniculus purpureus","452"
"92","2","violet wood hoopoe","phoeniculus damarensis","violet wood hoopoe","phoeniculus damarensis","453"
"92","8","scimitar-bill","rhinopomastus cyanomelas","scimitar-billed wood hoopoe","rhinopomastus cyanomelas","454"
"93","3","crowned hornbill","tockus alboterminatus","crowned hornbill","tockus alboterminatus","460"
"93","4","bradfield's hornbill","tockus bradfieldi","bradfield's hornbill","tockus bradfieldi","461"
"93","6","african grey hornbill","tockus nasutus","grey hornbill","tockus nasutus","457"
"93","8","monteiro's hornbill","tockus monteiri","monteiro's hornbill","tockus monteiri","462"
"93","12","red-billed hornbill","tockus erythrorhynchus","red-billed hornbill","tockus erythrorhynchus","458"
"93","13","yellow-billed hornbill","tockus flavirostris","yellow-billed hornbill","tockus flavirostris","459"
"93","35","trumpeter hornbill","bycanistes bucinator","trumpeter hornbill","bycanistes bucinator","455"
"93","38","silvery-cheeked hornbill","bycanistes brevis","silvery-cheeked hornbill","bycanistes brevis","456"
"93","46","southern ground hornbill","bucorvus leadbeateri","ground hornbill","bucorvus leadbeateri","463"
"96","43","white-eared barbet","smilorhis leucotis","white-eared barbet","stactolaema leucotis","466"
"96","44","green barbet","cryptolybia olivacea (woodwardi)","woodward's barbet","cryptolybia woodwardi","468"
"96","46","whyte's barbet","stactolaema whytii","whyte's barbet","stactolaema whytii","467"
"96","50","green tinkerbird","pogoniulus simplex","green tinker barbet","pogoniulus simplex","472"
"96","52","red-fronted tinkerbird","pogoniulus pusillus","red-fronted tinker barbet","pogoniulus pusillus","469"
"96","53","yellow-fronted tinkerbird","pogoniulus chrysoconus","yellow-fronted tinker barbet","pogoniulus chrysoconus","470"
"96","54","golden-rumped tinkerbird","pogoniulus bilineatus","golden-rumped tinkerbarbet","pogoniulus bilineatus","471"
"96","59","pied barbet","tricholaema leucomelaina","pied barbet","lybius leucomelas","465"
"96","66","black-collared barbet","lybius torquatus","black-collared barbet","lybius torquatus","464"
"96","77","levaillant's barbet","trachyphonus vaillantii","crested barbet","trachyphonus vaillantii","473"
"97","1","cassin's honeyguide","prodotiscus insignis (zambesiae)","slender-billed honeyguide","prodotiscus zambesiae","479"
"97","2","wahlberg's honeyguide","prodotiscus regulus","sharp-billed honeyguide","prodotiscus regulus","478"
"97","5","scaly-throated honeyguide","indicator variegatus","scaly-throated honeyguide","indicator variegatus","475"
"97","6","black-throated honeyguide","indicator indicator","greater honeyguide","indicator indicator","474"
"97","8","lesser honeyguide","indicator minor","lesser honeyguide","indicator minor","476"
"97","11","eastern least honeyguide","indicator meliphilus","eastern honeyguide","indicator meliphilus","477"
"99","2","red-throated wryneck","jynx ruficollis","red-throated wryneck","jynx ruficollis","489"
"99","61","bennett's woodpecker","campethera bennettii","bennett's woodpecker","campethera bennettii","481"
"99","61","bennett's woodpecker","campethera bennettii scriptoricauda","speckle-throated woodpecker","campethera scriptoricauda","482"
"99","63","golden-tailed woodpecker","campethera abingoni","golden-tailed woodpecker","campethera abingoni","483"
"99","64","knysna woodpecker","campethera notata","knysna woodpecker","campethera notata","484"
"99","65","little spotted woodpecker","campethera cailliautii","little spotted woodpecker","campethera cailliautii","485"
"99","70","ground woodpecker","geocolaptes olivaceus","ground woodpecker","geocolaptes olivaceus","480"
"99","74","cardinal woodpecker","dendropicos fuscescens","cardinal woodpecker","dendropicos fuscescens","486"
"99","77","bearded woodpecker","dendropicus namaquus","bearded woodpecker","thripias namaquus","487"
"99","82","african grey-headed woodpecker","dendropicus griseocephalus","olive woodpecker","mesopicos griseocephalus","488"
"100","1","african broadbill","smithsornis capensis","african broadbill","smithsornis capensis","490"
"111","18","african pitta","pitta angolensis","angola pitta","pitta angolensis","491"
"116","5","southern singing bush lark","mirafra cheniana","melodious lark","mirafra cheniana","492"
"116","7","white-tailed bush lark","mirafra passerina","monotonous lark","mirafra passerina","493"
"116","12","rufous-naped bush lark","mirafra africana","rufous-naped lark","mirafra africana","494"
"116","13","short-clawed lark","mirafra chauna","short-clawed lark","certhilauda chauna","501"
"116","15","cinnamon bush lark","mirafra rufocinnamomea","flappet lark","mirafra rufocinnamomea","496"
"116","16","clapper lark","mirafra apiata","clapper lark","mirafra apiata","495"
"116","17","fawn-coloured bush lark","mirafra africanoides","fawn-coloured lark","mirafra africanoides","497"
"116","19","long-clawed lark","mirafra ruddi","rudds lark","heteromirafra ruddi","499"
"116","25","sabota lark","mirafra sabota","sabota lark","mirafra sabota","498"
"116","28","dusky bush lark","pinarocorys nigricans","dusky lark","pinarocorys nigricans","505"
"116","30","long-billed lark","certhilauda curvirostris","long-billed lark","certhilauda curvirostris","500"
"116","31","karoo lark","certhilauda albescens","karoo lark","certhilauda albescens","502"
"116","31","karoo lark","certhilauda albescens (barlowi)","barlow's lark","certhilauda barlowi","947"
"116","31","karoo lark","certhilauda albescens (erythrochlamys)","dune lark","certhilauda erythrochlamys","503"
"116","32","spike-heeled lark","certhilauda albofasciata","spike-heeled lark","chersomanes albofasciata","506"
"116","33","black-eared finchlark","eremopterix australis","black-eared finchlark","eremopterix australis","517"
"116","34","chestnut-backed finchlark","eremopterix leucotis","chestnut-backed finchlark","eremopterix leucotis","515"
"116","36","grey-backed finchlark","eremopterix verticalis","grey-backed finchlark","eremopterix verticalis","516"
"116","44","gray's lark","ammomanes grayi","gray's lark","ammomanes grayi","514"
"116","45","ferruginous lark","ammomanes burra","red lark","certhilauda burra","504"
"116","50","bimaculated lark","melanocorphyra bimaculata","bimaculated lark","melanocorphyra bimaculata","513"
"116","56","short-toed lark","calandrella cinerea","red-capped lark","calandrella cinerea","507"
"116","62","pink-billed lark","spizocorys conirostris","pink-billed lark","calandrella conirostris","508"
"116","63","starke's short-toed lark","spizocorys starki","starke's lark","calandrella starki","511"
"116","64","sclater's short-toed lark","spizocorys sclateri","sclater's lark","calandrella sclateri","510"
"116","67","botha's lark","botha fringillaris","botha's lark","calandrella fringillaris","509"
"116","75","thick-billed lark","calendula magnirotris","thick-billed lark","galerida magnirostris","512"
"117","26","african sand martin","riparia paludicola","brown-throated martin","riparia paludicola","533"
"117","28","sand martin","riparia riparia","sand martin","riparia riparia","532"
"117","29","banded sand martin","riparia cincta","banded martin","riparia cincta","534"
"117","30","mascarene martin","phedina borbonica","mascarene martin","phedina borbonica","535"
"117","32","grey-rumped swallow","hirundo griseopyga","grey-rumped swallow","pseudhirundo griseopyga","531"
"117","35","african rock martin","hirundo fuligula","rock martin","hirundo fuligula","529"
"117","37","barn swallow","hirundo rustica","european swallow","hirundo rustica","518"
"117","39","angola swallow","hirundo angolensis","angola swallow","hirundo angolensis","519"
"117","41","white-throated swallow","hirundo albigularis","white-throated swallow","hirundo albigularis","520"
"117","43","wire-tailed swallow","hirundo smithii","wire-tailed swallow","hirundo smithii","522"
"117","44","blue swallow","hirundo atrocaerulea","blue swallow","hirundo atrocaerulea","521"
"117","49","pearl-breasted swallow","hirundo dimidiata","pearl-breasted swallow","hirundo dimidiata","523"
"117","50","greater striped swallow","hirundo cucullata","greater striped swallow","hirundo cucullata","526"
"117","51","lesser striped swallow","hirundo abyssinica","lesser striped swallow","hirundo abyssinica","527"
"117","52","red-breasted swallow","hirundo semirufa","red-breasted swallow","hirundo semirufa","524"
"117","53","mosque swallow","hirundo senegalensis","mosque swallow","hirundo senegalensis","525"
"117","54","red-rumped swallow","hirundo daurica","red-rumped swallow","hirundo daurica","904"
"117","60","south african cliff swallow","petrochelidon spilodera","south african cliff swallow","hirundo spilodera","528"
"117","66","house martin","delichon urbica","house martin","delichon urbica","530"
"117","71","white-headed saw-wing","psalidoprocne albiceps","white-headed saw-wing swallow","psalidoprogne albiceps","913"
"117","75","petit's saw-wing","psalidoprocne petiti (orientalis)","eastern saw-wing swallow","psalidoprogne orientalis","537"
"117","76","black saw-wing","psalidoprocne holomelaena","black saw-wing swallow","psalidoprogne holomelas","536"
"118","2","yellow wagtail","motacilla flava","yellow wagtail","motacilla flava","714"
"118","3","citrine wagtail","moticilla citreola","citrine wagtail","moticilla citreola","951"
"118","4","grey wagtail","motacilla cinerea","grey wagtail","motacilla cinerea","715"
"118","8","african pied wagtail","motacilla aguimp","african pied wagtail","motacilla aguimp","711"
"118","9","mountain wagtail","motacilla clara","long-tailed wagtail","motacilla clara","712"
"118","10","cape wagtail","motacilla capensis","cape wagtail","motacilla capensis","713"
"118","12","golden pipit","tmetothylacus tenellus","golden pipit","tmetothylacus tenellus","726"
"118","13","cape longclaw","macronyx capensis","orange-throated longclaw","macronyx capensis","727"
"118","14","yellow-throated longclaw","macronyx croceus","yellow-throated longclaw","macronyx croceus","728"
"118","15","fulleborn's longclaw","macronyx fuellebornii","fulleborn's longclaw","macronyx fuellebornii","729"
"118","19","rosy-breasted longclaw","macronyx ameliae","pink-throated longclaw","macronyx ameliae","730"
"118","21","richard's pipit","anthus novaeseelandiae (cinnamomeus)","richard's pipit","anthus cinnamomeus","716"
"118","22","not recorded","not recorded","mountain pipit","anthus hoeschi","901"
"118","24","long-billed pipit","anthus similis","long-billed pipit","anthus similis","717"
"118","24","long-billed pipit","anthus similis (nyassae)","wood pipit","anthus nyassae","909"
"118","25","sandy plain-backed pipit","anthus vaalensis","buffy pipit","anthus vaalensis","719"
"118","26","dark plain-backed pipit","anthus leucophrys","plain-backed pipit","anthus leucophrys","718"
"118","29","tree pipit","anthus trivialis","tree pipit","anthus trivialis","722"
"118","32","red-throated pipit","anthus cervinus","red-throated pipit","anthus cervinus","903"
"118","36","large-striped pipit","anthus lineiventris","striped pipit","anthus lineiventris","720"
"118","37","short-tailed pipit","anthus brachyurus","short-tailed pipit","anthus brachyurus","724"
"118","38","bushveld pipit","anthus caffer","bushveld pipit","anthus caffer","723"
"118","41","yellow-breasted pipit","anthus chloris","yellow-breasted pipit","anthus chloris","725"
"118","42","large yellow-tufted pipit","anthus crenatus","rock pipit","anthus crenatus","721"
"118","100","not recorded","not recorded","long-tailed pippit","anthus longicaudus","952"
"119","22","african grey cuckoo shrike","coracina caesia","grey cuckooshrike","coracina caesia","540"
"119","23","white-breasted cuckoo shrike","coracina pectoralis","white-breasted cuckooshrike","coracina pectoralis","539"
"119","54","african black cuckoo shrike","campephaga flava","black cuckooshrike","campephaga flava","538"
"120","21","red-eyed bulbul","pycnonotus nigricans","red-eyed bulbul","pycnonotus nigricans","567"
"120","22","cape bulbul","pycnonotus capensis","cape bulbul","pycnonotus capensis","566"
"120","23","common bulbul","pycnonotus barbatus","black-eyed bulbul","pycnonotus barbatus","568"
"120","46","zanzibar slender greenbul","pycnonotus importunus","sombre bulbul","andropadus importunus","572"
"120","50","stripe-cheeked greenbul","pycnonotus milanjensis","stripe-cheeked bulbul","andropadus milanjensis","573"
"120","58","yellow-bellied greenbul","chlorocichla flaviventris","yellow-bellied bulbul","chlorocichla flaviventris","574"
"120","64","bristle-necked brownbul","phyllastrephus terrestris","terrestrial bulbul","phyllastrephus terrestris","569"
"120","71","yellow-streaked greenbul","phyllastrephus flavostriatus","yellow-streaked bulbul","phyllastrephus flavostriatus","570"
"120","72","slender greenbul","phyllastrephus debilis","slender bulbul","phyllastrephus debilis","571"
"122","2","white-crowned shrike","eurocephalus anguitimens","white-crowned shrike","eurocephalus anguitimens","756"
"122","3","long-crested helmet shrike","prionops plumata","white helmetshrike","prionops plumatus","753"
"122","7","retz's red-billed helmet shrike","prionops retzii","red-billed helmetshrike","prionops retzii","754"
"122","9","chestnut-fronted helmet shrike","prionops scopifrons","chestnut-fronted helmetshrike","prionops scopifrons","755"
"122","10","chat-shrike","lanioturdus torquatus","white-tailed shrike","lanioturdus torquatus","752"
"122","11","brubru shrike","nilaus afer","brubru","nilaus afer","741"
"122","14","black-backed puffback","dryoscopus cubla","puffback","dryoscopus cubla","740"
"122","18","lesser bush shrike","tchagra minuta","marsh tchagra","tchagra minuta","745"
"122","19","black-headed bush shrike","tchagra senegala","black-crowned tchagra","tchagra senegala","744"
"122","20","levailllant's bush shrike","tchagra tchagra","southern tchagra","tchagra tchagra","742"
"122","21","brown-headed bush shrike","tchagra australis","three-streaked tchagra","tchagra australis","743"
"122","27","tropical boubou","laniarius aethiopicus","tropical boubou","laniarius aethiopicus","737"
"122","28","gabon boubou","laniarius bicolor","swamp boubou","laniarius bicolor","738"
"122","29","southern boubou","laniarius ferrugineus","southern boubou","laniarius ferrugineus","736"
"122","33","burchell's gonolek","laniarius atrococcineus","crimson-breasted shrike","laniarius atrococcineus","739"
"122","39","sulphur-breasted bush shrike","telophorus sulfureopectus","orange-breasted bush shrike","telophorus sulfureopectus","748"
"122","40","olive bush shrike","telophorus olivaceus","olive bush shrike","telophorus olivaceus","750"
"122","41","black-fronted bush shrike","telophorus nigrifrons","black-fronted bush shrike","telophorus nigrifrons","749"
"122","44","bokmakierie shrike","telophorus zeylonus","bokmakierie","telophorus zeylonus","746"
"122","46","four coloured bush shrike","telophorus quadricolor","gorgeous bush shrike","telophorus quadricolor","747"
"122","51","grey-headed bush shrike","malaconotus blanchoti","grey-headed bush shrike","malaconotus blanchoti","751"
"122","54","eastern nicator","nicator gularis","yellow-spotted nicator","nicator gularis","575"
"122","57","eastern long-tailed shrike","corvinella melanoleuca","long-tailed shrike","corvinella melanoleuca","735"
"122","59","sousa's shrike","lanius souzae","sousa's shrike","lanius souzae","734"
"122","62","red-backed shrike","lanius collurio","red-backed shrike","lanius collurio","733"
"122","69","lesser grey shrike","lanius minor","lesser grey shrike","lanius minor","731"
"122","77","fiscal shrike","lanius collaris","fiscal shrike","lanius collaris","732"
"130","7","karoo scrub robin","erythropygia coryphaeus","karoo robin","erythropygia coryphaeus","614"
"130","9","white-browed scrub robin","erythropygia leucophrys","white-browed scrub robin","erythropygia leucophrys","613"
"130","12","kalahari sandy scrub robin","erythropygia paena","kalahari robin","erythropygia paena","615"
"130","14","eastern bearded scrub robin","erythropygia quadrivirgata","bearded robin","erythropygia quadrivirgata","617"
"130","16","brown scrub robin","erythropygia signata","brown robin","erythropygia signata","616"
"130","17","herero chat","namibornis herero","herero chat","namibornis herero","618"
"130","19","boulder chat","pinarornis plumosis","boulder chat","pinarornis plumosis","610"
"130","20","rufous rockjumper","chaetops frenatus","cape rockjumper","chaetops frenatus","611"
"130","20","rufous rockjumper","chaetops frenatus (aurantius)","orange-breasted rockjumper","chaetops aurantius","612"
"130","23","starred robin","pogonocichla stellata","starred robin","pogonocichla stellata","606"
"130","24","swinnerton's bush robin","pogonocichla swynnertoni","swinnerton's robin","swynnertonia swynnertoni","607"
"130","30","east coast akelat","erithacus gunningi","gunning's robin","sheppardia gunningi","608"
"130","35","thrush nightingale","erithacus luscinia","thrush nightingale","luscinia luscinia","609"
"130","51","red-capped robin chat","cossypha natalensis","natal robin","cossypha natalensis","600"
"130","52","choristor robin chat","cossypha dichroa","choristor robin","cossypha dichroa","598"
"130","54","white-browed robin chat","cossypha heuglini","heuglin's robin","cossypha heuglini","599"
"130","56","cape robin chat","cossypha caffra","cape robin","cossypha caffra","601"
"130","57","white-throated robin chat","cossypha humeralis","white-throated robin","cossypha humeralis","602"
"130","72","collared morning warbler","cichladusa arquata","collared palmthrush","cichladusa arquata","603"
"130","73","red-tailed morning warbler","cichladusa ruficauda","rufous-tailed palmthrush","cichladusa ruficauda","604"
"130","77","white-chested alethe","alethe fuelleborni","white-breasted alethe","alethe fuelleborni","605"
"130","92","redstart","phoenicurus phoenicurus","european redstart","phoenicurus phoenicurus","916"
"130","133","sicklewing chat","cercomela sinuata","sickle-winged chat","cercomela sinuata","591"
"130","134","familiar chat","cercomela familiaris","familiar chat","cercomela familiaris","589"
"130","135","layard's chat","cercomela tractrac","tractrac chat","cercomela tractrac","590"
"130","136","karoo chat","cercomela schlegelii","karoo chat","cercomela schlegelii","592"
"130","142","whinchat","saxicola rubetra","whinchat","saxicola rubetra","597"
"130","146","stonechat","saxicola torquata","stonechat","saxicola torquata","596"
"130","154","southern anteater chat","myrmecocichla formicivora","southern anteating chat","myrmecocichla formicivora","595"
"130","156","white-headed black chat","myrmecocichla arnoti","arnot's chat","thamnolaea arnoti","594"
"130","159","cliffchat","thamnolaea cinnamomeiventris","mocking chat","thamnolaea cinnamomeiventris","593"
"130","162","buff-streaked chat","oenanthe bifasciata","buff-streaked chat","oenanthe bifasciata","588"
"130","163","isabelline wheatear","oenanthe isabellina","isabelline wheatear","oenanthe isabellina","915"
"130","166","common wheatear","oenanthe oenanthe","european wheatear","oenanthe oenanthe","585"
"130","174","pied wheatear","oenanthe pleschanka","pied wheatear","oenanthe pleschanka","907"
"130","177","mountain chat","oenanthe monticola","mountain chat","oenanthe monticola","586"
"130","179","capped wheatear","oenanthe pileata","capped wheatear","oenanthe pileata","587"
"130","182","cape rock thrush","monticola rupestris","cape rock thrush","monticola rupestris","581"
"130","183","sentinel rock thrush","monticola explorator","sentinel rock thrush","monticola explorator","582"
"130","184","short-toed rock thrush","monticola brevipes","short-toed rock thrush","monticola brevipes","583"
"130","186","miombo rock thrush","monticola angolensis","miombo rock thrush","monticola angolensis","584"
"130","215","orange ground thrush","zoothera gurneyi","orangethrush","zoothera gurneyi","579"
"130","220","spotted ground thrush","zoothera guttata","spotted thrush","zoothera guttata","578"
"130","253","olive thrush","turdus olivaceus","olive thrush","turdus olivaceus","577"
"130","256","kurrichane thrush","turdus libonyanus","kurrichane thrush","turdus libonyana","576"
"130","260","groundscraper thrush","psophocichla litsitsrupa","groundscraper thrush","turdus litsitsrupa","580"
"132","127","black-lored babbler","turdoides melanops","black-faced babbler","turdoides melanops","561"
"132","131","arrow-marked babbler","turdoides jardineii","arrow-marked babbler","turdoides jardineii","560"
"132","133","white-rumped babbler","turdoides leucopygius (hartlaubii)","white-rumped babbler","turdoides hartlaubii","562"
"132","136","pied babbler","turdoides bicolor","southern pied babbler","turdoides bicolor","563"
"132","137","bare-cheeked babbler","turdoides gymnogenys","bare-cheeked babbler","turdoides gymnogenys","564"
"132","227","bush blackcap","lioptilus nigricapillus","bush blackcap","lioptilus nigricapillus","565"
"136","17","african sedge warbler","bradypterus baboecala","african sedge warbler","bradypterus baboecala","638"
"136","22","victorin's scrub warbler","bradypterus victorini","victorin's warbler","bradypterus victorini","641"
"136","23","scrub warbler","bradypterus barratti","barratt's warbler","bradypterus barratti","639"
"136","26","knysna scrub warbler","bradypterus sylvaticus","knysna warbler","bradypterus sylvaticus","640"
"136","41","river warbler","locustella fluviatilis","river warbler","locustella fluviatilis","627"
"136","45","sedge warbler","acrocephalus schoenobaenus","european sedge warbler","acrocephalus schoenobaenus","634"
"136","51","african reed warbler","acrocephalus baeticatus","african marsh warbler","acrocephalus baeticatus","631"
"136","51","african reed warbler","acrocephalus baeticatus (cinnamomeus)","cinnamon reed warbler","acrocephalus cinnamomeus","632"
"136","52","reed warbler","acrocephalus scirpaceus","european reed warbler","acrocephalus scirpaceus","630"
"136","53","marsh warbler","acrocephalus palustris","european marsh warbler","acrocephalus palustris","633"
"136","55","great reed warbler","acrocephalus arundinaceus","great reed warbler","acrocephalus arundinaceus","628"
"136","55","great reed warbler","acrocephalus arundinaceus (griseldis)","basra reed warbler","acrocephalus griseldis","629"
"136","67","swamp warbler","acrocephalus gracilirostris","cape reed warbler","acrocephalus gracilirostris","635"
"136","68","rufous swamp warbler","acrocephalus rufescens","greater swamp warbler","acrocephalus rufescens","636"
"136","77","yellow warbler","chloropeta natalensis","yellow warbler","chloropeta natalensis","637"
"136","83","icterene warbler","hippolais icterina","icterene warbler","hippolais icterina","625"
"136","85","olive-tree warbler","hippolais olivetorum","olivetree warbler","hippolais olivetorum","626"
"136","89","garden warbler","sylvia borin","garden warbler","sylvia borin","619"
"136","90","blackcap","sylvia atricapilla","european blackcap","sylvia atricapilla","911"
"136","91","whitethroat","sylvia communis","whitethroat","sylvia communis","620"
"136","104","willow warbler","phylloscopus trochilus","willow warbler","phylloscopus trochilus","643"
"136","139","yellow-throated woodland warbler","phylloscopus ruficapilla","yellow-throated warbler","seicercus ruficapillus","644"
"136","165","tink-tink cisticola","cisticola textrix","cloud cisticola","cisticola textrix","666"
"136","166","pectoral-patch cisticola","cisticola brunnescens","pale-crowned cisticola","cisticola brunnescens","668"
"136","167","wing-snapping cisticola","cisticola ayresii","ayre's cisticola","cisticola ayresii","667"
"136","171","fan-tailed warbler","cisticola juncidis","fan-tailed cisticola","cisticola juncidis","664"
"136","174","desert cisticola","cisticola aridula","desert cisticola","cisticola aridula","665"
"136","175","croaking cisticola","cisticola natalensis","croaking cisticola","cisticola natalensis","678"
"136","178","red-headed cisticola","cisticola subruficapilla","grey-backed cisticola","cisticola subruficapilla","669"
"136","179","wailing cisticola","cisticola lais","wailing cisticola","cisticola lais","670"
"136","180","grey cisticola","cisticola rufilata","tinkling cisticola","cisticola rufilata","671"
"136","183","rattling cisticola","cisticola chiniana","rattling cisticola","cisticola chiniana","672"
"136","188","siffling cisticola","cisticola brachyptera","short-winged cisticola","cisticola brachyptera","680"
"136","191","piping cisticola","cisticola fulvicapilla","neddicky","cisticola fulvicapilla","681"
"136","193","lazy cisticola","cisticola aberrans","lazy cisticola","cisticola aberrans","679"
"136","198","red-faced cisticola","cisticola erythrops","red-faced cisticola","cisticola erythrops","674"
"136","199","singing cisticola","cisticola cantans","singing cisticola","cisticola cantans","673"
"136","202","winding cisticola","cisticola galactotes","black-backed cisticola","cisticola galactotes","675"
"136","204","chirping cisticola","cisticola pipiens","chirping cisticola","cisticola pipiens","676"
"136","205","levaillant's cisticola","cisticola tinniens","levaillant's cisticola","cisticola tinniens","677"
"136","206","tawny-flanked prinia","prinia subflava","tawny-flanked prinia","prinia subflava","683"
"136","207","black-chested prinia","prinia flavicans","black-chested prinia","prinia flavicans","685"
"136","208","karoo prinia","prinia maculosa (maculosa)","spotted prinia","prinia maculosa","686"
"136","208","karoo prinia","prinia maculosa (hypoxantha)","drakensberg prinia","prinia hypoxantha","949"
"136","212","roberts' prinia","prinia robertsi","roberts' prinia","prinia robertsi","684"
"136","213","white-breasted prinia","prinia substriata","namaqua prinia","phragmacia substriata","687"
"136","216","rufous-eared prinia","prinia pectoralis","rufous-eared warbler","malcorus pectoralis","688"
"136","231","yellow-chested apalis","apalis flavida","yellow-breasted apalis","apalis flavida","648"
"136","233","rudd's apalis","apalis ruddi","rudd's apalis","apalis ruddi","649"
"136","237","bar-throated apalis","apalis thoracica","bar-throated apalis","apalis thoracica","645"
"136","245","black-headed apalis","apalis melanocephala","black-headed apalis","apalis melanocephala","647"
"136","246","chiranda apalis","apalis chirindensis","chiranda apalis","apalis chirindensis","646"
"136","252","moustached grass warbler","sphenoeacus mentalis","moustached warbler","melocichla mentalis","663"
"136","253","cape grassbird","sphenoeacus afer","grassbird","sphenoeacus afer","661"
"136","254","damaraland rock jumper","sphenoeacus pycnopygius","rockrunner","aechaetops pycnopygius","662"
"136","261","red-winged warbler","heliolais erythoptera","red-winged warbler","heliolais erythoptera","682"
"136","281","green-backed camaroptera","camaroptera brachyura","green-backed bleating warbler","camaroptera brachyura","657"
"136","282","grey-backed cameroptera","camaroptera brevicaudata","grey-backed bleating bushwarbler","camaroptera brevicaudata","948"
"136","283","barred camaroptera","camaroptera fasciolata","barred warbler","camaroptera fasciolata","658"
"136","284","stierling's wren warbler","camaroptera stierlingi","stierling's barred warbler","camaroptera stierlingi","659"
"136","288","kopje warbler","euryptila subcinnamomea","cinnamon-breasted warbler","euryptila subcinnamomea","660"
"136","291","yellow-bellied eremomela","eremomela icteropygialis","yellow-bellied eremomela","eremomela icteropygialis","653"
"136","294","green-capped eremomela","eremomela scotops","green-capped eremomela","eremomela scotops","655"
"136","297","yellow-rumped eremomela","eremomela gregalis","karoo eremomela","eremomela gregalis","654"
"136","301","burnt-neck eremomela","eremomela usticollis","burnt-necked eremomela","eremomela usticollis","656"
"136","302","red-capped crombec","sylvietta ruficapilla","red-capped crombec","sylvietta ruficapilla","652"
"136","306","red-faced crombec","sylvietta whytii","red-faced crombec","sylvietta whytii","650"
"136","309","long-billed crombec","sylvietta rufescens","long-billed crombec","sylvietta rufescens","651"
"136","313","southern tit warbler","parisoma subcaeruleum","titbabbler","parisoma subcaeruleum","621"
"136","314","layard's tit warbler","parisoma layardi","layard's titbabbler","parisoma layardi","622"
"136","326","broad-tailed warbler","schoenicola platyura (brevirostris)","broad-tailed warbler","schoenicola brevirostris","642"
"136","345","fairy flycatcher","stenostira scita","fairy flycatcher","stenostira scita","706"
"136","346","yellow-bellied flycatcher","hyliota flavigaster","yellow-breasted hyliota","hyliota flavigaster","623"
"136","347","southern yellow-bellied flycatcher","hyliota australis","mashona hyliota","hyliota australis","624"
"138","2","mariqua flycatcher","bradornis mariquensis","marico flycatcher","melaenornis mariquensis","695"
"138","3","pale flycatcher","bradornis pallidus","pallid flycatcher","melaenornis pallidus","696"
"138","4","african brown flycatcher","bradornis infuscatus","chat flycatcher","melaenornis infuscatus","697"
"138","10","south african black flycatcher","melaenornis pammelaina","black flycatcher","melaenornis pammelaina","694"
"138","11","fiscal flycatcher","melaenornis silens","fiscal flycatcher","sigelus silens","698"
"138","25","collared flycatcher","ficedula albicollis","collared flycatcher","ficedula albicollis","692"
"138","75","spotted flycatcher","muscicapa striata","spotted flycatcher","muscicapa striata","689"
"138","83","dusky flycatcher","muscicapa adusta","dusky flycatcher","muscicapa adusta","690"
"138","90","ashy flycatcher","muscicapa coerulescens","blue-grey flycatcher","muscicapa caerulescens","691"
"138","101","grey tit flycatcher","myioparus plumbeus","fan-tailed flycatcher","myioparus plumbeus","693"
"139","2","black and white flycatcher","bias musicus","vanga flycatcher","bias musicus","699"
"139","4","cape puff-back flycatcher","batis capensis","cape batis","batis capensis","700"
"139","8","zululand puff-back flycatcher","batis fratrum","woodward's batis","batis fratrum","704"
"139","9","chin-spot puff-back flycatcher","batis molitor","chinspot batis","batis molitor","701"
"139","10","paler chin-spot puff-back flycatcher","batis soror","mozambique batis","batis soror","702"
"139","11","pririt puff-back flycatcher","batis pririt","pririt batis","batis pririt","703"
"139","21","black-throated wattle-eye","platysteira peltata","wattle-eyed flycatcher","platysteira peltata","705"
"140","3","livingstone's flycatcher","phylloscopus trochilus","livingstone's flycatcher","erythrocercus livingstonei","707"
"140","6","white-tailed crested flycatcher","trochocercus albonotatus","white-tailed flycatcher","trochocercus albonotatus","709"
"140","9","cape crested flycatcher","terpsiphone cyanomelas","blue-mantled flycatcher","trochocercus cyanomelas","708"
"140","11","african paradise flycatcher","terpsiphone viridis","paradise flycatcher","terpsiphone viridis","710"
"144","6","african penduline tit","anthoscopus caroli","grey penduline tit","anthoscopus caroli","558"
"144","8","southern kapok tit","anthoscopus minutus","cape penduline tit","anthoscopus minutus","557"
"145","24","acacia grey tit","parus afer (afer)","southern grey tit","parus afer","551"
"145","24","acacia grey tit","parus afer (cinerascens)","ashy tit","parus cinerascens","552"
"145","25","miombo grey tit","parus griseiventris","northern grey tit","parus griseiventris","553"
"145","26","southern black tit","parus niger","southern black tit","parus niger","554"
"145","27","white-winged black tit","parus leucomelas (carpi)","carp's tit","parus carpi","555"
"145","33","rufous-bellied tit","parus rufiventris","rufous-bellied tit","parus rufiventris","556"
"147","6","spotted grey creeper","salpornis spilonotus","spotted creeper","salpornis spilonotus","559"
"151","3","plain-backed sunbird","anthreptes reichenowi","blue-throated sunbird","anthreptes reichenowi","794"
"151","9","violet-backed sunbird","anthreptes longuemarei","violet-backed sunbird","anthreptes longuemarei","795"
"151","16","collared sunbird","anthreptes collaris","collared sunbird","anthreptes collaris","793"
"151","21","olive sunbird","nectarinia olivacea","olive sunbird","nectarinia olivacea","790"
"151","21","olive sunbird","nectarinia olivacea (obscura)","western olive sunbird","nectaninia obscura","953"
"151","23","mouse-coloured sunbird","nectarinia veroxii","grey sunbird","nectarinia veroxii","789"
"151","36","amethyst sunbird","nectarinia amethystina","black sunbird","nectarinia amethystina","792"
"151","37","scarlet-chested sunbird","nectarinia senegalensis","scarlet-chested sunbird","nectarinia senegalensis","791"
"151","55","variable sunbird","nectarinia venusta","yellow-bellied sunbird","nectarinia venusta","786"
"151","56","southern white-bellied sunbird","nectarinia talatala","white-bellied sunbird","nectarinia talatala","787"
"151","58","dusky sunbird","nectarinia fusca","dusky sunbird","nectarinia fusca","788"
"151","59","lesser double-collared sunbird","nectarinia chalybea (manoensis)","miombo double-collared sunbird","nectarinia manoensis","784"
"151","59","lesser double-collared sunbird","nectarinia chalybea","lesser double-collared sunbird","nectarinia chalybea","783"
"151","60","greater double-collared sunbird","nectarinia afra","greater double-collared sunbird","nectarinia afra","785"
"151","63","neergaard's sunbird","nectarinia neergaardi","neergaard's sunbird","nectarinia neergaardi","782"
"151","70","orange-breasted sunbird","nectarinia violacea","orange-breasted sunbird","nectarinia violacea","777"
"151","74","coppery sunbird","nectarinia cuprea","coppery sunbird","nectarinia cuprea","778"
"151","78","shelley's sunbird","nectarinia shelleyi","shelley's sunbird","nectarinia shelleyi","781"
"151","79","mariqua sunbird","nectarinia mariquensis","marico sunbird","nectarinia mariquensis","779"
"151","81","purple-banded sunbird","nectarinia bifasciata","purple-banded sunbird","nectarinia bifasciata","780"
"151","87","yellow-tufted malachite sunbird","nectarinia famosa","malachite sunbird","nectarinia famosa","775"
"151","92","bronze sunbird","nectarinia kilimensis","bronze sunbird","nectarinia kilimensis","776"
"152","50","pale white-eye","zosterops pallida","cape white-eye","zosterops pallidus","796"
"152","51","african yellow white-eye","zosterops senegalensis","yellow white-eye","zosterops senegalensis","797"
"153","170","cape sugarbird","promerops cafer","cape sugarbird","promerops cafer","773"
"153","171","gurney's sugarbird","promerops gurneyi","gurney's sugarbird","promerops gurneyi","774"
"154","16","lark-like bunting","emberiza impetuani","lark-like bunting","emberiza impetuani","887"
"154","17","cinnamon-breasted rock bunting","emberiza tahapisi","rock bunting","emberiza tahapisi","886"
"154","19","cape bunting","emberiza capensis","cape bunting","emberiza capensis","885"
"154","29","golden-breasted bunting","emberiza flaviventris","golden-breasted bunting","emberiza flaviventris","884"
"154","31","cabanis' yellow bunting","emberiza cabanisi","cabanis's bunting","emberiza cabanisi","883"
"163","1","chaffinch","fringilla coelebs","chaffinch","fringilla coelebs","868"
"163","10","yellow-crowned canary","serinus canicollis","cape canary","serinus canicollis","872"
"163","15","forest canary","serinus scotops","forest canary","serinus scotops","873"
"163","17","yellow-rumped seedeater","serinus atrogularis","black-throated canary","serinus atrogularis","870"
"163","18","lemon-breasted seedeater","serinus citrinipectus","lemon-breasted canary","serinus citrinipectus","871"
"163","19","yellow-fronted canary","serinus mozambicus","yellow-eyed canary","serinus mozambicus","869"
"163","21","yellow canary","serinus flaviventris","yellow canary","serinus flaviventris","878"
"163","22","brimstone canary","serinus sulphuratus","bully canary","serinus sulphuratus","877"
"163","23","white-throated seedeater","serinus albogularis","white-throated canary","serinus albogularis","879"
"163","24","streaky-headed seedeater","serinus gularis","streaky-headed canary","serinus gularis","881"
"163","25","black-eared seedeater","serinus mennelli","black-eared canary","serinus mennelli","882"
"163","32","white-winged seedeater","serinus leucopterus","protea canary","serinus leucopterus","880"
"163","33","cape siskin","serinus totta (symonsi)","drakensberg siskin","serinus symonsi","875"
"163","33","cape siskin","serinus totta","cape siskin","serinus totta","874"
"163","34","black-headed canary","serinus alario","black-headed canary","serinus alario","876"
"164","12","orange-winged pytilla","pytilia afra","golden-backed pytilla","pytilia afra","833"
"164","13","green-winged pytilla","pytilia melba","melba finch","pytilia melba","834"
"164","14","green-backed twin-spot","mandingoa nitidula","green twinspot","mandingoa nitidula","835"
"164","15","red-faced crimson-wing","cryptospiza reichenovii","red-faced crimsonwing","cryptospiza reichenovii","836"
"164","21","lesser seedcracker","pyrenestes minor","nyasa seedcracker","pyrenestes minor","837"
"164","26","rosy twin-spot","hypargos margaritatus","pink-throated twinspot","hypargos margaritatus","838"
"164","27","peter's twinspot","hypargos niveoguttatus","red-throated twinspot","hypargos niveoguttatus","839"
"164","32","brown fire finch","lagonosticta nitidula","brown firefinch","lagonosticta nitidula","843"
"164","33","red-billed fire finch","lagonosticta senegala","red-billed firefinch","lagonosticta senegala","842"
"164","35","african fire finch","lagonosticta rubricata","blue-billed firefinch","lagonosticta rubricata","840"
"164","37","jameson's fire finch","lagonosticta rhodopareia","jameson's firefinch","lagonosticta rhodopareia","841"
"164","38","cordon bleu","uraeginthus angolensis","blue waxbill","uraeginthus angolensis","844"
"164","41","common grenadier","uraeginthus granitina","violet-eared waxbill","uraeginthus granatinus","845"
"164","44","black-tailed waxbill","estrilda perreini","grey waxbill","estrilda perreini","848"
"164","45","cinderella waxbill","estrilda thomensis","cinderella waxbill","estrilda thomensis","849"
"164","46","yellow-bellied waxbill","estrilda melanotis","swee waxbill","estrilda melanotis","850"
"164","46","yellow-bellied waxbill","estrilda melanotis (quartinia)","east african swee","estrilda quartinia","851"
"164","53","common waxbill","estrilda astrild","common waxbill","estrilda astrild","846"
"164","57","black-cheeked waxbill","estrilda erythronotos","black-cheeked waxbill","estrilda erythronotos","847"
"164","61","zebra waxbill","amandava subflava","orange-breasted waxbill","sporaeginthus subflavus","854"
"164","62","african quail finch","ortygospiza atricollis","quail finch","ortygospiza atricollis","852"
"164","64","locust finch","ortygospiza locustella","locust finch","ortygospiza locustella","853"
"164","94","bronze mannikin","lonchura cucullata","bronze mannikin","spermestes cucullatus","857"
"164","95","black and white mannikin","lonchura bicolor","red-backed mannikin","spermestes bicolor","858"
"164","96","magpie mannikin","lonchura fringilloides","pied mannikin","spermestes fringilloides","859"
"164","127","paradise sparrow","amadina erythocephala","red-headed finch","amadina erythocephala","856"
"164","128","cut-throat weaver","amadina fasciata","cutthroat finch","amadina fasciata","855"
"165","1","village indigobird","vidua chalybeata","steel-blue widowfinch","vidua chalybeata","867"
"165","2","dusky indigobird","vidua purpurascens","purple widowfinch","vidua purpurascens","865"
"165","3","variable indigobird","vidua funerea (codringtoni)","green indigobird","vidua codringtoni","954"
"165","3","variable indigobird","vidua funerea","black widowfinch","vidua funerea","864"
"165","4","not recorded","not recorded","violet widowfinch","vidua incognita","866"
"165","7","shaft-tailed whydah","vidua regia","shaft-tailed whydah","vidua regia","861"
"165","8","pin-tailed whydah","vidua macroura","pin-tailed whydah","vidua macroura","860"
"165","9","paradise whydah","vidua paradisaea","paradise whydah","vidua paradisaea","862"
"165","10","broad-tailed paradise whydah","vidua orientalis (obtusa)","broad-tailed paradise whydah","vidua obtusa","863"
"165","11","white-billed buffalo weaver","bubalornis albirostris (niger)","red-billed buffalo weaver","bubalornis niger","798"
"165","13","white-browed sparrow-weaver","plocepasser mahali","white-browed sparrow-weaver","plocepasser mahali","799"
"165","20","sociable weaver","philetairus socius","sociable weaver","philetairus socius","800"
"165","22","house sparrow","passer domesticus","house sparrow","passer domesticus","801"
"165","29","great sparrow","passer motitensis","great sparrow","passer motitensis","802"
"165","30","cape sparrow","passer melanurus","cape sparrow","passer melanurus","803"
"165","33","grey-headed sparrow","passer griseus","grey-headed sparrow","passer griseus","804"
"165","45","south african rock sparrow","petronia supercillaris","yellow-throated sparrow","petronia supercillaris","805"
"165","54","scaly weaver","sporopipes squamifrons","scaly-feathered finch","sporopipes squamifrons","806"
"165","56","grosbeak weaver","amblyospiza albifrons","thick-billed weaver","amblyospiza albifrons","807"
"165","65","spectacled weaver","ploceus ocularis","spectacled weaver","ploceus ocularis","810"
"165","69","cape weaver","ploceus capensis","cape weaver","ploceus capensis","813"
"165","71","golden weaver","ploceus subaureus","yellow weaver","ploceus subaureus","817"
"165","72","holub's golden weaver","ploceus xanthops","golden weaver","ploceus xanthops","816"
"165","78","brown-throated golden weaver","ploceus xanthopterus","brown-throated weaver","ploceus xanthopterus","818"
"165","82","lesser masked weaver","ploceus intermedius","lesser masked weaver","ploceus intermedius","815"
"165","83","african masked weaver","ploceus velatus","masked weaver","ploceus velatus","814"
"165","88","village weaver","ploceus cucullatus","spotted-backed weaver","ploceus cucullatus","811"
"165","98","chestnut weaver","ploceus rubiginosus","chestnut weaver","ploceus rubiginosus","812"
"165","109","forest weaver","ploceus bicolor","forest weaver","ploceus bicolor","808"
"165","112","olive-headed golden weaver","ploceus olivaceiceps","olive-headed weaver","ploceus olivaceiceps","809"
"165","128","red-headed weaver","anaplectes melanotis (rubriceps)","red-headed weaver","anaplectes rubriceps","819"
"165","129","cardinal quelea","quelea cardinalis","cardinal quelea","quelea cardinalis","823"
"165","130","red-headed quelea","quelea erythrops","red-headed quelea","quelea erythrops","822"
"165","131","red-billed quelea","quelea quelea","red-billed quelea","quelea quelea","821"
"165","140","golden bishop","euplectes afer","golden bishop","euplectes afer","826"
"165","144","red-crowned bishop","euplectes hordacea","fire-crowned bishop","euplectes hordaceus","825"
"165","145","red bishop","euplectes orix","red bishop","euplectes orix","824"
"165","147","yellow-rumped bishop","euplectes capensis","yellow-rumped widow","euplectes capensis","827"
"165","148","fan-tailed whydah","euplectes axillaris","red-shouldered widow","euplectes axillaris","828"
"165","149","yellow-mantled whydah","euplectes macrourus","yellow-backed widow","euplectes macrourus","830"
"165","151","white-winged whydah","euplectes albonotatus","white-winged widow","euplectes albonotatus","829"
"165","152","red-collared whydah","euplectes ardens","red-collared widow","euplectes ardens","831"
"165","153","long-tailed whydah","euplectes progne","long-tailed widow","euplectes progne","832"
"165","155","parasitic weaver","anomalospiza imberbis","cuckoo weaver","anomalospiza imberbis","820"
"166","28","pale-winged starling","onychognathus nabouroup","pale-winged starling","onychognathus nabouroup","770"
"166","29","african red-winged starling","onychognathus morio","red-winged starling","onychognathus morio","769"
"166","41","black-bellied glossy starling","lamprotornis corruscus","black-bellied starling","lamprotornis corruscus","768"
"166","42","red-shouldered glossy starling","lamprotornis nitens","glossy starling","lamprotornis nitens","764"
"166","44","greater blue-eared glossy starling","lamprotornis chalybaeus","greater blue-eared starling","lamprotornis chalybaeus","765"
"166","45","lesser blue-eared glossy starling","lamprotornis chloropterus","lesser blue-eared starling","lamprotornis chloropterus","766"
"166","46","sharp-tailed glossy starling","lamprotornis acuticaudus","sharp-tailed starling","lamprotornis acuticaudus","767"
"166","49","burchell's starling","lamprotornis australis","burchell's starling","lamprotornis australis","762"
"166","50","longtailed purple starling","lamprotornis mevesii","long-tailed starling","lamprotornis mevesii","763"
"166","55","violet starling","cinnyricinclus leucogastor","plum-coloured starling","cinnyricinclus leucogastor","761"
"166","59","pied starling","spreo bicolor","pied starling","spreo bicolor","759"
"166","69","wattled starling","creatophora cinerea","wattled starling","creatophora cinerea","760"
"166","78","common starling","sturnus vulgaris","european starling","sturnus vulgaris","757"
"166","87","common mynah","acridotheres tristis","indian mynah","acridotheres tristis","758"
"166","107","yellow-billed oxpecker","buphagus africanus","yellow-billed oxpecker","buphagus africanus","771"
"166","108","red-billed oxpecker","buphagus erythrorhynchus","red-billed oxpecker","buphagus erythrorhynchus","772"
"167","11","golden oriole","oriolus oriolus","european golden oriole","oriolus oriolus","543"
"167","12","african golden oriole","oriolus auratus","african golden oriole","oriolus auratus","544"
"167","14","green-headed oriole","oriolus chlorocephalus","green-headed oriole","oriolus chlorocephalus","546"
"167","18","african black-headed oriole","oriolus larvatus","black-headed oriole","oriolus larvatus","545"
"168","2","square-tailed drongo","dicrurus ludwigii","square-tailed drongo","dicrurus ludwigii","542"
"168","4","fork-tailed drongo","dicrurus adsimilis","fork-tailed drongo","dicrurus adsimilis","541"
"175","76","house crow","corvus splendens","house crow","corvus splendens","549"
"175","86","black crow","corvus capensis","black crow","corvus capensis","547"
"175","105","pied crow","corvus albus","pied crow","corvus albus","548"
"175","111","african white-necked raven","corvus albicollis","white-necked raven","corvus albicollis","550"
"200","0","*","NULL","diamond bird","NULL","1001"
