"1","ostrich","struthio camelus","ostrich","struthio camelus","1","1"
"2","king penguin","aptenodytes patagonicus","king penguin","aptenodytes patagonica","7","1"
"3","jackass penguin","spheniscus demersus","jackass penguin","spheniscus demersus","7","15"
"4","rockhopper penguin","eudyptes chrysocome","rockhopper penguin","eudyptes crestatus","7","9"
"5","macaroni penguin","eudyptes chrysolophus","macaroni penguin","eudyptes chrysolophus","7","11"
"6","great crested grebe","podiceps cristatus","great crested grebe","podiceps cristatus","9","14"
"7","black-necked grebe","podiceps nigricollis","black-necked grebe","podiceps nigricollis","9","16"
"8","dabchick","tachybaptus ruficollis","little grebe","tachybaptus ruficollis","9","1"
"9","royal albatross","diomedea epomophora","royal albatross","diomedea epomophora","10","2"
"10","wandering albatross","diomedea exulans","wandering albatross","diomedea exulans","10","1"
"11","shy albatross","diomedea cauta","shy albatross","diomedea cauta","10","9"
"12","black-browed albatross","diomedea melanophris","black-browed albatross","diomedea melanophrys","10","7"
"13","grey-headed albatross","diomedea chrysostoma","grey-headed albatross","diomedea chrysostoma","10","11"
"14","yellow-nosed albatross","diomedea chlororhynchos","yellow-nosed albatross","diomedea chlororhynchos","10","10"
"15","dark-mantled sooty albatross","phoebetria fusca","sooty albatross","phoebetria fusca","10","13"
"16","light-mantled sooty albatross","phoebetria palpebrata","light-mantled sooty albatross","phoebetria palpebrata","10","14"
"17","southern giant petrel","macronectes giganteus","giant petrel","macronectes giganteus","11","1"
"18","northern giant petrel","macronectes halli","hall's giant petrel","macronectes halli","11","2"
"19","antarctic fulmar","fulmarus glacialoides","southern fulmar","fulmarus glacialoides","11","4"
"20","antarctic petrel","thalassoica antartica","antarctic petrel","thalassoica antartica","11","5"
"21","pintado petrel","daption capense","pintado petrel","daption capense","11","6"
"22","bulwer's petrel","bulweria bulwerii","bulwer's petrel","bulweria bulwerii","11","43"
"23","great-winged petrel","pterodroma macroptera","great-winged petrel","pterodroma macroptera","11","8"
"24","soft-plumaged petrel","pterodroma mollis","soft-plumaged petrel","pterodroma mollis","11","23"
"25","white-headed petrel","pterodroma lessonii","white-headed petrel","pterodroma lessonii","11","10"
"26","atlantic petrel","pterodroma incerta","schlegel's petrel","pterodroma incerta","11","13"
"27","kerguelen petrel","pterodroma brevirostris","kerguelen petrel","pterodroma brevirostris","11","18"
"28","blue petrel","halobaena caerulea","blue petrel","halobaena caerulea","11","36"
"29","broad-billed prion","pachyptila vittata","broad-billed prion","pachyptila vittata","11","37"
"30","slender-billed prion","pachyptila belcheri","slender-billed prion","pachyptila belcheri","11","40"
"31","fairy prion","pachyptila turtur","fairy prion","pachyptila turtur","11","41"
"32","white-chinned petrel","procellaria aequinoctialis","white-chinned petrel","procellaria aequinoctialis","11","46"
"33","grey petrel","procellaria cinerea","brown petrel","procellaria cinerea","11","45"
"34","cory's shearwater","calonectris diomedea","cory's shearwater","calonectris diomedea","11","50"
"35","great shearwater","puffinus gravis","greater shearwater","puffinus gravis","11","53"
"36","flesh-footed shearwater","puffinus carneipes","pale-footed shearwater","puffinus carneipes","11","52"
"37","sooty shearwater","puffinus griseus","sooty shearwater","puffinus griseus","11","56"
"38","manx shearwater","puffinus puffinus","manx shearwater","puffinus puffinus","11","60"
"39","little shearwater","puffinus assimilis","little shearwater","puffinus assimilis","11","65"
"40","audubon's shearwater","puffinus lherminieri","audubon's shearwater","puffinus lherminieri","11","66"
"41","wedge-tailed shearwater","puffinus pacificus","wedge-tailed shearwater","puffinus pacificus","11","54"
"42","european storm petrel","hydrobates pelagicus","british storm petrel","hydrobates pelagicus","12","8"
"43","leach's storm petrel","oceanodroma leucorhoa","leach's storm petrel","oceanodroma leucorhoa","12","12"
"44","wilson's storm petrel","oceanites oceanicus","wilson's petrel","oceanites oceanicus","12","1"
"45","white-bellied storm petrel","fregatta grallaria","white-bellied storm petrel","fregatta grallaria","12","5"
"46","black-bellied storm petrel","fregatta tropica","black-bellied storm petrel","fregatta tropica","12","6"
"47","red-tailed tropic bird","phaethon rubricauda","red-tailed tropic bird","phaethon rubricauda","14","2"
"48","white-tailed tropic bird","phaethon lepturus","white-tailed tropic bird","phaethon lepturus","14","3"
"49","white pelican","pelecanus onocrotalus","eastern white pelican","pelecanus onocrotalus","15","1"
"50","pink-backed pelican","pelecanus rufescens","pink-backed pelican","pelecanus rufescens","15","3"
"51","masked booby","sula dactylatra","blue-faced booby","sula dactylatra","16","7"
"52","brown booby","sula leucogaster","brown booby","sula leucogaster","16","9"
"53","cape gannet","morus capensis","cape gannet","morus capensis","16","2"
"54","australian gannet","morus serrator","australian gannet","morus serrator","16","3"
"55","white-breasted cormorant","phalacrocorax carbo","white-breasted cormorant","phalacrocorax lucidus","17","5"
"56","cape cormorant","phalacrocorax capensis","cape cormorant","phalacrocorax capensis","17","7"
"57","bank cormorant","phalacrocorax neglectus","bank cormorant","phalacrocorax neglectus","17","9"
"58","reed cormorant","phalacrocorax africanus","reed cormorant","halietor africanus","17","29"
"59","crowned cormorant","phalacrocorax coronatus","reed cormorant","halietor africanus (coronatus)","17","29"
"60","darter","anhinga melanogaster","african darter","anhinga rufa","18","1"
"61","greater frigatebird","fregata minor","great frigate bird","fregata minor","19","4"
"62","grey heron","ardea cinerea","grey heron","ardea cinerea","20","53"
"63","black-headed heron","ardea melanocephala","black-headed heron","ardea melanocephala","20","56"
"64","goliath heron","ardea goliath","goliath heron","ardea goliath","20","58"
"65","purple heron","ardea purpura","purple heron","ardea purpurea","20","50"
"66","great white egret","egretta alba","great egret","egretta alba","20","49"
"67","little egret","egretta garzetta","little egret","egretta garzetta","20","47"
"68","yellow-billed egret","egretta intermedia","intermediate egret","egretta intermedia","20","48"
"69","black egret","egretta ardesiaca","black heron","egretta ardesiaca","20","38"
"70","slaty egret","egretta vinaceigula","red-throated heron","egretta vinaceigula","20","39"
"71","cattle egret","bubulcus ibis","cattle egret","bubulcus ibis","20","34"
"72","squacco heron","ardeola ralloides","squacco heron","ardeola ralloides","20","28"
"73","madagascar squacco heron","ardeola idae","madagascar squacco heron","ardeola idea","20","29"
"74","green-backed heron","butorides striatus","green heron","butorides striatus","20","36"
"75","rufous-bellied heron","butorides rufiventris","rufous-bellied heron","ardeola rufiventris","20","33"
"76","black-crowned night heron","nycticorax nycticorax","black-crowned night heron","nycticorax nycticorax","20","23"
"77","white-backed night heron","gorsachius leuconotus","white-backed night heron","gorsachius leuconotus","20","22"
"78","little bittern","ixobrychus minutus","little bittern","ixobrychus minutus","20","6"
"79","dwarf bittern","ixobrychus sturmii","dwarf bittern","ixobrychus sturmii","20","11"
"80","bittern","botaurus stellaris","eurasian bittern","botaurus stellaris","20","1"
"81","hamerkop","scopus umbretta","hamerkop","scopus umbretta","22","1"
"82","shoebill","balaeniceps rex","whale-headed stork","balaeniceps rex","21","1"
"83","white stork","ciconia ciconia","white stork","ciconia ciconia","23","11"
"84","black stork","ciconia nigra","black stork","ciconia nigra","23","7"
"85","abdim's stork","ciconia abdimii","abdim's stork","ciconia abdimii","23","8"
"86","woolly-necked stork","ciconia episcopus","woolly-necked stork","ciconia episcopus","23","9"
"87","open-billed stork","anastomus lamelligerus","african open-bill stork","anastomus lamelligerus","23","6"
"88","saddle-billed stork","ephippiorhynchus senegalensis","saddle bill stork","ephippiorhynchus senegalensis","23","13"
"89","marabou stork","leptoptilos crumeniferus","marabou stork","leptoptilos crumeniferus","23","17"
"90","yellow-billed stork","mycteria ibis","yellow-billed stork","mycteria ibis","23","3"
"91","sacred ibis","threskiornis aethiopicus","sacred ibis","threskiornis aethiopicus","24","1"
"92","bald ibis","geronticus calvus","bald ibis","geronticus calvus","24","9"
"93","glossy ibis","plegadis falcinellus","glossy ibis","plegadis falcinellus","24","24"
"94","hadeda ibis","bostrychia hagedash","hadeda ibis","hagedashia hagedash","24","13"
"95","african spoonbill","platalea alba","african spoonbill","platalea alba","24","30"
"96","greater flamingo","phoenicopterus ruber","greater flamingo","phoenicopterus ruber","25","1"
"97","lesser flamingo","phoenicopterus minor","lesser flamingo","phoeniconaias minor","25","3"
"98","mute swan","cygnus olor","mute swan","cygnus olor","27","10"
"99","white-faced duck","dendrocygna viduata","white-faced whistling duck","dendrocygna viduata","27","7"
"100","fulvous duck","dendrocygna bicolor","fulvous whistling duck","dendrocygna bicolor","27","4"
"101","white-backed duck","thalassornis leuconotus","white-backed duck","thalassornis leuconotus","27","144"
"102","egyptian goose","alopochen aegyptiacus","egyptian goose","alopochen aegyptiacus","27","39"
"103","south african shelduck","tadorna cana","south african shelduck","tadorna cana","27","41"
"104","yellow-billed duck","anas undulata","african yellow-bill","anas undulata","27","82"
"105","african black duck","anas sparsa","african black duck","anas sparsa","27","65"
"106","cape teal","anas capensis","cape teal","anas capensis","27","74"
"107","hottentot teal","anas hottentota","hottentot teal","anas punctata","27","92"
"108","red-billed teal","anas erythrorhyncha","red-billed pintail","anas erythrorhyncha","27","90"
"109","pintail","anas acuta","pintail","anas acuta","27","87"
"110","garganey","anas querquedula","garganey","anas querquedula","27","93"
"111","european shoveller","anas clypeata","common shoveller","anas clypeata","27","99"
"112","cape shoveller","anas smithii","cape shoveller","anas smithii","27","97"
"113","southern pochard","netta erythropthalma","southern pochard","netta erythropthalma","27","104"
"114","pygmy goose","nettapus auritus","african pygmy goose","nettapus auritus","27","56"
"115","knob-billed duck","sarkidiornis melanotos","comb duck","sarkidiornis melanotos","27","52"
"116","spur-winged goose","plectropterus gambensis","spur-winged goose","plectropterus gambensis","27","49"
"117","maccoa duck","oxyura maccoa","maccoa duck","oxyura maccoa","27","140"
"118","secretary bird","sagittarius serpentarius","secretary bird","sagittarius serpentarius","31","1"
"119","lammergeier","gypaetus barbatus","lammergeier","gypaetus barbatus","30","45"
"120","egyptian vulture","neophron percnopterus","egyptian vulture","neophron percnopterus","30","44"
"121","hooded vulture","necrosyrtes monachus","hooded vulture","necrosyrtes monachus","30","46"
"122","cape vulture","gyps copcotheres","cape vulture","gyps coprotheres","30","53"
"123","white-backed vulture","gyps africanus","african white-backed vulture","gyps africanus","30","48"
"124","lappet-faced vulture","torgos tracheliotus","lappet-faced vulture","aegypius tracheliotus","30","54"
"125","white-headed vulture","trigonoceps occipitalis","white-headed vulture","aegypius occipitalis","30","56"
"126","black kite","milvus migrans","black kite","milvus migrans","30","29"
"127","black-shouldered kite","elanus caeruleus","black-shouldered kite","elanus caeruleus","30","17"
"128","cuckoo hawk","avecida cuculoides","african cuckoo hawk","avecida cuculoides","30","1"
"129","bat hawk","machaeramphus alcinus","bat hawk","machaeramphus alcinus","30","14"
"130","honey buzzard","pernis apivorus","honey buzzard","pernis apivorus","30","10"
"131","black eagle","aquila verreauxii","verreaux's eagle","aquila verreauxii","30","198"
"132","tawny eagle","aquila rapax","tawny eagle","aquila rapax","30","192"
"133","steppe eagle","aquila nipalensis","tawny eagle","aquila rapax (nipalensis)","30","192"
"134","lesser spotted eagle","aquila pomarina","lesser spotted eagle","aquila pomarina","30","190"
"135","wahlbergs eagle","aquila wahlbergi","wahlbergs eagle","aquila wahlbergi","30","194"
"136","booted eagle","hieraaetus pennatus","booted eagle","hieraaetus pennatus","30","200"
"137","african hawk eagle","hieraaetus spilogaster","bonelli's eagle","hieraaetus fasciatus","30","199"
"138","ayre's eagle","hieraaetus ayresii","ayre's hawk eagle","hieraaetus dubius","30","202"
"139","long-crested eagle","lophaetus occipitalis","long-crested eagle","lophaetus occipitalis","30","205"
"140","martial eagle","polemaetus bellicosus","martial eagle","polemaetus bellicosus","30","218"
"141","crowned eagle","stephanoaetus coronatus","crowned eagle","stephanoaetus coronatus","30","216"
"142","brown snake eagle","circaetus cinereus","brown harrier eagle","circaetus cinereus","30","59"
"143","black-breasted snake eagle","circaetus gallicus","short-toed eagle +","circaetus gallicus","30","58"
"144","southern banded snake eagle","circaetus fasciolatus","southern banded snake eagle","circaetus fasciolatus","30","60"
"145","western banded snake eagle","circaetus cinerascens","smaller banded snake eagle","circaetus cinerascens","30","61"
"146","bateleur","terathopius ecaudatus","bateleur","terathopius ecaudatus","30","62"
"147","palmnut vulture","gypohierax angolensis","palm-nut vulture","gypohierax angolensis","30","43"
"148","african fish eagle","haliaeetus vocifer","african fish eagle","haliaeetus vocifer","30","35"
"149","steppe buzzard","buteo buteo","common buzzard","buteo buteo","30","176"
"150","forest buzzard","buteo tachardus","african mountain buzzard","buteo oreophilus","30","177"
"151","long-legged buzzard","buteo rufinus","long-legged buzzard","buteo rufinus","30","180"
"152","jackal buzzard","buteo rufofuscus","augur buzzard","buteo rufofuscus","30","184"
"153","augur buzzard","buteo augur","augur buzzard","buteo rufofuscus (augur)","30","184"
"154","lizard buzzard","kaupifalco monogrammicus","lizard buzzard","kaupifalco monogrammicus","30","140"
"155","red-breasted sparrowhawk","accipiter rufiventris","rufous-breasted sparrow hawk","accipiter rufiventris","30","103"
"156","ovambo sparrowhawk","accipiter ovambopensis","ovambo sparrow hawk","accipiter ovambopensis","30","93"
"157","little sparrowhawk","accipiter minullus","african little sparrow hawk","accipiter minullus","30","106"
"158","black sparrowhawk","accipiter melanoleucus","great sparrow hawk","accipiter melanoleucus","30","90"
"159","little banded goshawk","accipiter badius","shikra","accipiter badius","30","126"
"160","african goshawk","accipiter tachiro","african goshawk","accipiter tachiro","30","108"
"161","gabar goshawk","micronisus gabar","gabar goshawk","melierax gabar","30","85"
"162","pale chanting goshawk","melierax canorus","pale chanting goshawk","melierax canorus","30","84"
"163","dark chanting goshawk","melierax metabates","dark chanting goshawk","melierax metabates","30","83"
"164","european marsh harrier","circus aeruginosus","marsh harrier","circus aeruginosus","30","74"
"165","african marsh harrier","circus ranivorus","african marsh harrier","circus ranivorus","30","75"
"166","montagu's harrier","circus pygargus","montagu's harrier","circus pygargus","30","80"
"167","pallid harrier","circus macrourus","pallid harrier","circus macrourus","30","79"
"168","black harrier","circus maurus","black harrier","black harrier","30","76"
"169","gymnogene","polyboroides typus","african harrier hawk","polyboroides typus","30","70"
"170","osprey","pandion haliaetus","osprey","pandion haliaetus","29","1"
"171","peregrine falcon","falco peregrinus","peregrine falcon","falco peregrinus","32","60"
"172","lanner falcon","falco biarmicus","lanner falcon","falco biarmicus","32","52"
"173","hobby falcon","falco subbuteo","european hobby","falco subbuteo","32","42"
"174","african hobby falcon","falco cuvierii","african hobby","falco cuvierii","32","43"
"175","sooty falcon","falco concolor","sooty falcon","falco concolor","32","47"
"176","taita falcon","falco fasciinucha","taita falcon","falco fasciinucha","32","58"
"177","eleonora's falcon","falco eleonorae","eleonora's falcon","falco eleonorae","32","46"
"178","red-necked falcon","falco chicquera","red-headed falcon","falco chicquera","32","38"
"179","western red-footed falcon","falco vespertinus","red-footed falcon","falco vespertinus","32","37"
"180","eastern red-footed falcon","falco amurensis","red-footed falcon","falco amurensis","32","37"
"181","rock kestrel","falco tinnunculus","common kestrel","falco tinnunculus","32","28"
"182","greater kestrel","falco rupicoloides","greater kestrel","falco rupicoloides","32","25"
"183","lesser kestrel","falco naumanni","lesser kestrel","falco naumanni","32","24"
"184","grey kestrel","falco ardosiaceus","grey kestrel","falco ardosiaceus","32","34"
"185","dickinson's kestrel","falco dickinsoni","dickinson's kestrel","falco dickinsoni","32","35"
"186","pygmy falcon","polihierax semitoquatus","african pygmy falcon","polihierax semitoquatus","32","17"
"187","chukar partridge","alectoris chukar","chukar partridge","alectoris chukar","35","62"
"188","coqui francolin","francolinus coqui","coqui francolin","francolinus coqui","35","103"
"189","crested francolin","francolinus sephaena","crested francolin","francolinus sephaena","35","95"
"190","grey-wing francolin","francolinus africanus","grey-wing francolin","francolinus africanus","35","99"
"191","shelley's francolin","francolinus shelleyi","shelley's francolin","francolinus shelleyi","35","98"
"192","red-wing francolin","francolinus levaillantii","red-wing francolin","francolinus levaillantii","35","101"
"193","orange river francolin","francolinus levaillantoides","archers's greywing francolin","francolinus levaillantoides","35","100"
"194","red-billed francolin","francolinus adspersus","red-billed francolin","francolinus adspersus","35","93"
"195","cape francolin","francolinus capensis","cape francolin","francolinus capensis","35","94"
"196","natal francolin","francolinus natalensis","natal francolin","francolinus natalensis","35","90"
"197","hartlaub's francolin","francolinus hartlaubi","hartlaub's francolin","francolinus hartlaubi","35","91"
"198","red-necked francolin","francolinus afer","bare-throated francolin","francolinus afer","35","72"
"199","swainson's francolin","francolinus swainsonii","swainson's francolin","francolinus swainsonii","35","73"
"200","common quail","coturnix coturnix","common quail","coturnix coturnix","35","116"
"201","harlequin quail","coturnix delegorguei","harlequin quail","coturnix delegorguei","35","119"
"202","blue quail","coturnix adansonii","blue quail","excalfactoria adansonii","35","122"
"203","helmeted guineafowl","numida meleagris","helmet guineafowl","numida meleagris","35","207"
"204","crested guineafowl","guttera pucherani","crested guineafowl","guttera edouardia","35","209"
"205","kurrichane buttonquail","turnix sylvatica","little button quail","turnix sylvatica","38","1"
"206","black-rumped buttonquail","turnix hottentotta","hottentot button quail","turnix hottentotta","38","4"
"207","wattled crane","grus carunculata","wattled crane","bugeranus carunculatus","40","11"
"208","blue crane","anthropoides paradisea","stanley crane","anthropoides paradisea","40","13"
"209","southern crowned crane","balearica regulorum","south african crowned crane","balearica regulorum","40","15"
"210","african rail","rallus caerulescens","kaffir rail","rallus caerulescens","43","30"
"211","corncrake","crex crex","corncrake","crex crex","43","74"
"212","african crake","crex egregia","african crake","porzana egregia","43","75"
"213","black crake","amaurornis flavirostris","black crake","porzana flavirostra","43","76"
"214","spotted crake","porzana porzana","spotted crake","porzana porzana","43","90"
"215","baillon's crake","porzana pusilla","baillon's crake","porzana pusilla","43","88"
"216","striped crake","aenigmatolimnas marginalis","striped crake","porzana marginalis","43","82"
"217","red-chested flufftail","sarothrura rufa","red-chested crake","coturnicops rufa","43","51"
"218","buff-spotted flufftail","sarothrura elegans","buff-spotted crake","coturnicops elegans","43","55"
"219","streaky-breasted flufftail","sarothrura boehmi","streaky-breasted crake","coturnicops boehmi","43","54"
"220","long-toed flufftail","sarothrura lugens","chestnut-headed crake","coturnicops lugens","43","53"
"221","striped flufftail","sarothrura affinis","chestnut-tailed crake","coturnicops affinis","43","56"
"222","white-winged flufftail","sarothrura ayresi","white-winged crake","coturnicops ayresi","43","59"
"223","purple gallinule","porphyrio porphyrio","purple swamphen","porphyrio porphyrio","43","112"
"224","lesser gallinule","porphyrio alleni","allen's gallinule","gallenula alleni","43","110"
"225","american purple gallinule","porphyrula martinica","purple gallinule","gallenula martinica","43","111"
"226","moorhen","gallinula chloropus","moorhen","gallinula chloropus","43","106"
"227","lesser moorhen","gallinula angulata","lesser moorhen","gallinula angulata","43","108"
"228","red-knobbed coot","fulica cristata","red-knobbed coot","fulica cristata","43","122"
"229","african finfoot","podica senegalensis","peter's finfoot","podica senegalensis","44","1"
"230","kori bustard","ardeotis kori","kori bustard","choriotis kori","48","9"
"231","stanley's bustard","neotis denhami","barrow's bustard","neotis cafra (denhami)","48","3"
"232","ludwig's bustard","neotis ludwigii","gallinula angulata","neotis ludwigii","48","4"
"233","white-bellied korhaan","eupodotis cafra","white-bellied bustard","eupodotis senegalensis","48","19"
"234","blue korhaan","eupodotis caerulescens","blue bustard","eupodotis caerulescens","48","20"
"235","karoo korhaan","eupodotis vigorsii","black-throated bustard","eupodotis vigorsii","48","16"
"236","ruppell's korhaan","eupodotis rueppellii","ruppell's bustard","eupodotis rueppellii","48","17"
"237","red-crested korhaan","eupodotis ruficrista","crested bustard","lophotis ruficrista","48","14"
"238","black-bellied korhaan","eupodotis melanogaster","black-bellied bustard","lissotis melanogaster","48","21"
"239","black korhaan","eupodotis afra","little black bustard","afrotis afra (afra)","48","15"
"240","african jacana","actophilornis africanus","african jacana","actophilornis africana","49","2"
"241","lesser jacana","microparra capensis","smaller jacana","microparra capensis","49","1"
"242","painted snipe","rostratula benghalensis","painted snipe","rostratula benghalensis","50","1"
"243","european oystercatcher","haematopus ostralegus","oystercatcher","haematopus ostralegus","52","1"
"244","african black oystercatcher","haematopus moquini","african black oystercatcher","haematopus moquini","52","3"
"245","ringed plover","charadrius hiaticula","ringed plover","charadrius hiaticula","57","29"
"246","white-fronted plover","charadrius marginatus","white-fronted sand plover","charadrius marginatus","57","41"
"247","chestnut-banded plover","charadrius pallidus","chestnut-banded sand plover","charadrius venustus (pallidus)","57","45"
"248","kittlitz's plover","charadrius pecuarius","kittlitz's sand plover","charadrius pecuarius","57","37"
"249","three-banded plover","charadrius tricollaris","three-banded plover","charadrius tricollaris","57","39"
"250","mongolian plover","charadrius mongolus","mongolian plover","charadrius mongolus","57","49"
"251","sand plover","charadrius leschenaultii","great sand plover","charadrius leschenaultii","57","50"
"252","caspian plover","charadrius asiaticus","caspian plover","charadrius asiaticus","57","51"
"253","pacific golden plover","pluvialis fulva","pacific golden plover","pluvialis dominica (fulva)","57","26"
"254","grey plover","pluvialis squatarola","grey plover","pluvialis squatarola","57","27"
"255","crowned plover","vanellus coronatuus","crowned plover","vanellus coronatus","57","10"
"256","lesser black-winged plover","vanellus lugubris","senegal plover","vanellus lugubris","57","8"
"257","black-winged plover","vanellus melanopterus","black-winged plover","vanellus melanopterus","57","9"
"258","blacksmith plover","vanellus armatus","blacksmith plover","anitibyx armatus","57","24"
"259","white-crowned plover","vanellus albiceps","white-crowned wattled lapwing","vanellus albiceps","57","7"
"260","wattled plover","vanellus senegallus","senegal wattled plover","vanellus senegallus","57","11"
"261","long-toed plover","vanellus crassirostris","long-toed lapwing","glareola nuchalis","57","2"
"262","turnstone","arenaria interpres","turnstone","arenaria interpres","58","31"
"263","terek sandpiper","xenus cinereus","terek sandpiper","xenus cinereus","58","25"
"264","common sandpiper","tringa hypoleucos","common sandpiper","actitis hypoleucos","58","26"
"265","green sandpiper","tringa ochropus","green sandpiper","tringa ochropus","58","21"
"266","wood sandpiper","tringa glareola","wood sandpiper","tringa glareola","58","23"
"267","spotted redshank","tringa erythropus","spotted redshank","tringa erythropus","58","14"
"268","redshank","tringa totanus","redshank","tringa totanus","58","15"
"269","marsh sandpiper","tringa stagnatilis","marsh sandpiper","tringa stagnatilis","58","16"
"270","greenshank","tringa nebularia","greenshank","tringa nebularia","58","17"
"271","knot","calidris canutus","knot","calidris canutus","58","63"
"272","curlew sandpiper","calidris ferruginea","curlew sandpiper","calidris ferruginea","58","80"
"273","dunlin","calidris alpina","dunlin","calidris alpina","58","79"
"274","little stint","calidris minuta","little stint","calidris minuta","58","69"
"275","long-toed stint","calidris subminuta","long-toed stint","calidris subminuta","58","71"
"276","red-necked stint","calidris ruficollis","rufous-necked stint","calidris ruficollis","58","68"
"277","white-rumped sandpiper","calidris fuscicollis","white-rumped sandpiper","calidris fuscicollis","58","73"
"278","baird's sandpiper","calidris bairdii","baird's sandpiper","calidris bairdii","58","74"
"279","pectoral sandpiper","calidris melanotos","pectoral sandpiper","calidris melanotos","58","75"
"280","temmink's stint","calidris temminckii","calidris canutus","calidris temminckii","58","70"
"281","sanderling","calidris alba","sanderling","calidris alba","58","65"
"282","buff-breasted sandpiper","tryngites subruficollis","buff-breasted sandpiper","tryngites subruficollis","58","84"
"283","broad-billed sandpiper","limicola falcinellus","broad-billed sandpiper","limicola falcinellus","58","82"
"284","ruff","philomachus pugnax","ruff","philomachus pugnax","58","85"
"285","great snipe","gallinago media","great snipe","gallinago media","58","50"
"286","ethiopian snipe","gallinago nigripennis","african snipe","gallinago nigripennis","58","48"
"287","black-tailed godwit","limosa limosa","black-tailed godwit","limosa limosa","58","1"
"288","bar-tailed godwit","limosa lapponica","bar-tailed godwit","limosa lapponica","58","3"
"289","curlew","numenius arquata","curlew","numenius arquata","58","10"
"290","whimbrel","numenius phaeopus","whimbrel","numenius phaeopus","58","7"
"291","grey phalarope","phalaropus fulicarius","grey phalarope","phalaropus fulicarius","58","35"
"292","red-necked phalarope","phalaropus lobatus","red-necked phalarope","phalaropus lobatus","58","34"
"293","wilson's phalarope","phalaropus tricolor","wilson's phalarope","phalaropus tricolor","58","33"
"294","avocet","recurvirostra avosetta","avocet","recurvirostra avosetta","54","10"
"295","black-winged stilt","himantopus himantopus","black-winged stilt","himantopus himantopus","54","1"
"296","crab plover","dromas ardeola","crab plover","dromas ardeola","51","1"
"297","spotted dikkop","burhinus capensis","cape dikkop","burhinus capensis","55","4"
"298","water dikkop","burhinus vermiculatus","water dikkop","burhinus vermiculatus","55","3"
"299","burchell's courser","cursorius rufus","cream-coloured courser","cursorius cursor (rufus)","56","2"
"300","temminck's courser","cursorius temminckii","temminck's courser","cursorius temminckii","56","4"
"301","double-banded courser","rhinoptilus africanus","two-banded courser","rhinoptilus africanus","56","5"
"302","three-banded courser","rhinoptilus cinctus","heuglin's courser","rhinoptilus cinctus","56","6"
"303","bronze-winged courser","rhinoptilus chalcopterus","bronze-winged course","rhinoptilus chalcopterus","56","7"
"304","red-winged pratincole","glareola pratincola","pratincole","glareola pratincola","56","10"
"305","black-winged pratincole","glareola nordmanni","black-winged pratincole","glareola nordmanni","56","12"
"306","rock pratincole","glareola nuchalis","white-collared pratincole","glareola nuchalis","56","14"
"307","arctic skua","stercorarius parasiticus","arctic skua","stercorarius parasiticus","61","4"
"308","long-tailed skua","stercorarius longicaudus","long-tailed skua","stercorarius longicaudus","61","5"
"309","pomarine skua","stercorarius pomarinus","pomarine skua","stercorarius pomarinus","61","3"
"310","subantarctic skua","catharacta antartica","great skua","catharacta skua","61","1"
"311","south polar skua","catharacta maccormicki","mccormick's skua","catharacta maccormicki","61","2"
"312","kelp gull","larus dominicanus","southern black-backed gull","larus dominicanus","62","20"
"313","lesser black-backed gull","larus fuscus","lesser black-backed gull","larus fuscus","62","17"
"314","herring gull","larus argentatus","herring gull","larus argentatus","62","15"
"315","grey-headed gull","larus cirrocephalus","grey-headed gull","larus cirrocephalus","62","29"
"316","hartlaub's gull","larus hartlaubii","silver gull ?","larus novaehollandiae (hartlaubii) ?","62","32"
"317","franklin's gull","larus pipixcan","franklin's gull","larus pipixcan","62","31"
"318","sabine's gull","larus sabini","sabine's gull","xema sabini","62","46"
"319","black-headed gull","larus ridibundus","black-headed gull","larus ridibundus","62","37"
"320","black-legged kittiwake","rissa tridactyla","kittiwake","rissa tridactyla","62","43"
"321","gull-billed tern","gelochelidon nilotica","gull-billed tern","gelochelidon nilotica","62","51"
"322","caspian tern","hydroprogne caspia","caspian tern","hydroprogne caspia","62","52"
"323","royal tern","sterna maxima","royal tern","thalasseus maximus","62","78"
"324","swift tern","sterna bergii","crested tern","thalasseus bergii","62","77"
"325","lesser crested tern","sterna bengalensis","lesser crested tern","thalasseus bengalensis","62","79"
"326","sandwich tern","sterna sandvicensis","sandwich tern","thalasseus sandvicensis","62","83"
"327","common tern","sterna hirundo","common tern","sterna hirundo","62","55"
"328","arctic tern","sterna paradisaea","arctic tern","sterna paradisaea","62","56"
"329","antarctic tern","sterna vittata","swallowtailed tern","sterna vittata","62","57"
"330","roseate tern","sterna dougallii","roseate tern","sterna dougallii","62","61"
"331","black-naped tern","sterna sumatrana","black-naped tern","sterna sumatrana","62","64"
"332","sooty tern","sterna fuscata","sooty tern","sterna fuscata","62","69"
"333","bridled tern","sterna anaethetus","bridled tern","sterna anaethetus","62","68"
"334","damara tern","sterna balaenarum","damara tern","sterna balaenarum","62","73"
"335","little tern","sterna albifrons","little tern","sterna albifrons","62","75"
"336","white-cheeked tern","sterna repressa","white-cheeked tern","sterna repressa","62","63"
"337","black tern","chlidonias niger","black tern","chlidonias nigra","62","49"
"338","whiskered tern","chlidonias hybridus","whiskered tern","chlidonias hybrida","62","47"
"339","white-winged tern","chlidonias leucopterus","white-winged black tern","chlidonias leucoptera","62","48"
"340","common noddy","anous stolidus","common noddy","anous stolidus","62","86"
"341","lesser noddy","anous tenuirostris","lesser noddy","anous tenuirostris","62","87"
"342","fairy tern","gygis alba","white tern","gygis alba","62","89"
"343","african skimmer","rynchops flavirostris","african skimmer","rynchops flavirostris","63","2"
"344","namaqua sandgrouse","pterocles namaqua","namaqua sandgrouse","pterocles namaqua","65","4"
"345","burchell's sandgrouse","pterocles burchelli","variegated sandgrouse","pterocles burchelli","65","10"
"346","yellow-throated sandgrouse","pterocles gutturalis","yellow-throated sandgrouse","pterocles gutturalis","65","9"
"347","double-banded sandgrouse","pterocles bicinctus","double-banded sandgrouse","pterocles bicinctus","65","14"
"348","feral pigeon","colomba livia","rock dove","colomba livia","66","1"
"349","rock pigeon","colomba guinea","speckled pigeon","colomba guinea","66","4"
"350","rameron pigeon","colomba arquatrix","olive pigeon","colomba arquatrix","66","14"
"351","delegorgue's pigeon","colomba delegorguei","delegorgue's pigeon","colomba delegorguei","66","48"
"352","red-eyed dove","streptopelia semitorquata","red-eyed dove","streptopelia semitorquata","66","61"
"353","mourning dove","streptopelia decipiens","mourning collared dove","streptopelia decipiens","66","60"
"354","cape turtle dove","streptopelia capicola","ring-necked dove","streptopelia capicola","66","62"
"355","laughing dove","streptopelia senegalensis","laughing dove","streptopelia senegalensis","66","67"
"356","namaqua dove","oena capensis","namaqua dove","oena capensis","66","87"
"357","blue-spotted dove","turtur afer","blue-spotted wood dove","turtur afer","66","84"
"358","green-spotted dove","turtur chalcospilos","emerald-spotted wood dove","turtur chalcospilos","66","82"
"359","tambourine dove","turtur tympanistria","tambourine dove","turtur tympanistria","66","85"
"360","cinnamon dove","aplopelia larvata","lemon dove","aplopelia larvata","66","68"
"361","african green pigeon","treron calva","african green pigeon","treron calva","66","194"
"362","cape parrot","poicephalus robustus","cape parrot","poicephalus robustus","69","81"
"363","brown-headed parrot","poicephalus cryptoxanthus","brown-headed parrot","poicephalus cryptoxanthus","69","83"
"364","meyer's parrot","poicephalus meyeri","meyer's parrot","poicephalus meyeri","69","87"
"365","ruppell's parrot","poicephalus ruepellii","ruppell's parrot","poicephalus ruepellii","69","88"
"366","rose-ringed parakeet","psittacula krameri","rose-ringed parakeet","psittacula krameri","69","110"
"367","rosy-faced lovebird","agapornis roseicollis","peach-faced lovebird","agapornis roseicollis","69","94"
"368","lilians lovebird","agapornis lilianae","nyasa lovebird","agapornis lilianae","69","97"
"369","black-cheeked lovebird","agapornis nigrigenis","black-cheeked lovebird","agapornis nigrigenis","69","98"
"370","knysna lourie","tauraco corythaix","knysna turaco","tauraco corythaix (corythaix)","70","9"
"371","purple-crested lourie","tauraco porphyreolophus","violet-crested turaco","tauraco porphyreolopha","70","17"
"372","ross's lourie","musophaga rossae","lady ross's turaco","musophaga rossae","70","8"
"373","grey lourie","corythaixoides concolor","go-away bird","corythaixoides concolor","70","4"
"374","european cuckoo","cuculus canorus","european cuckoo","cuculus canorus","71","14"
"375","african cuckoo","cuculus gularis","european cuckoo","cuculus canorus (gularis)","71","14"
"376","lesser cuckoo","cuculus poliocephalus","little cuckoo","cuculus poliocephalus","71","16"
"377","red-chested cuckoo","cuculus solitarius","red-chested cuckoo","cuculus solitarius","71","11"
"378","black cuckoo","cuculus clamosus","black cuckoo","cuculus cafer","71","12"
"379","barred cuckoo","cercococcyx montanus","mountain long-tailed cuckoo","cercococcyx montanus","71","20"
"380","great spotted cuckoo","clamator glandarius","great spotted cuckoo","clamator glandarius","71","1"
"381","striped cuckoo","clamator levaillantii","levaillant's cuckoo","clamator levaillantii","71","4"
"382","jacobin cuckoo","clamator jacobinus","black and white (pied) cuckoo","clamator jacobinus","71","3"
"383","thick-billed cuckoo","pachycoccyx audeberti","thick-billed cuckoo","pachycoccyx audeberti","71","5"
"384","emerald cuckoo","chrysococcyx cupreus","african emerald cuckoo","chrysococcyx cupreus","71","29"
"385","klaas's cuckoo","chrysococcyx klaas","klaas' cuckoo","chrysococcyx klaas","71","31"
"386","diederick cuckoo","chrysococcyx caprius","didric cuckoo","chrysococcyx caprius","71","32"
"387","green coucal","ceuthmochares aereus","yellowbill","ceuthmochares aereus","71","63"
"388","black coucal","centropus bengalensis","lesser coucal","centropus bengalensis","71","118"
"389","coppery-tailed coucal","centropus cupreicaudus","blue-headed coucal","centropus monarchus (cupreicaudus)","71","123"
"390","senegal coucal","centropus senegalensis","senegal coucal","centropus senegalensis","71","124"
"391","burchell's coucal","centropus burchelli","white-browed coucal","centropus superciliosus (burchelli)","71","125"
"392","barn owl","tyto alba","barn owl","tyto alba","72","2"
"393","grass owl","tyto capensis","grass owl","tyto capensis","72","9"
"394","wood owl","strix woodfordii","african wood owl","ciccaba woodfordii","73","109"
"395","marsh owl","asio capensis","african marsh owl","asio capensis","73","128"
"396","african scops owl","otus senegalensis","african scops owl","otus senegalensis","73","11"
"397","white-faced owl","otus leucotis","white-faced scops owl","otus leucotis","73","35"
"398","pearl-spotted owl","glaucidium perlatum","pearl-spotted owlet","glaucidium perlatum","73","71"
"399","barred owl","glaucidium capense","barred owlet","glaucidium capense","73","73"
"400","cape eagle owl","bubo capensis","cape eagle owl","bubo capensis","73","43"
"401","spotted eagle owl","bubo africanus","spotted eagle owl","bubo africanus","73","44"
"402","giant eagle owl","bubo lacteus","verreaux's eagle owl","bubo lacteus","73","45"
"403","pel's fishing owl","scotopelia peli","pel's fishing owl","scotopelia peli","73","57"
"404","european nightjar","caprimulgus europaeus","european nightjar","caprimulgus europaeus","78","42"
"405","fiery-necked nightjar","caprimulgus pectoralis","african dusky nightjar","caprimulgus pectoralis","78","50"
"406","rufous-necked nightjar","caprimulgus rufigena","rufous-cheeked nightjar","caprimulgus rufigena","78","51"
"407","natal nightjar","caprimulgus natalensis","african white-tailed nightjar","caprimulgus natalensis","78","55"
"408","freckled nightjar","caprimulgus tristigma","freckled nightjar","caprimulgus tristigma","78","61"
"409","mozambique nightjar","caprimulgus fossii","gabon nightjar","scotornis fossii","78","66"
"410","pennant-winged nightjar","macrodipteryx vexillaria","pennant-winged nightjar","semeiophorus  vexillarius","78","69"
"411","european swift","apus apus","common swift","apus apus","79","78"
"412","black swift","apus barbatus","african black swift","apus barbatus","79","73"
"413","bradfield's swift","apus bradfieldi","bradfield's swift","apus bradfieldi","79","75"
"414","pallid swift","apus pallidus","pallid swift","apus pallidus","79","77"
"415","white-rumped swift","apus caffer","white-rumped swift","apus caffer","79","83"
"416","horus swift","apus horus","horus swift","apus horus","79","82"
"417","little swift","apus affinis","house swift","apus affinis","79","81"
"418","alpine swift","apus melba","alpine swift","apus melba","79","70"
"419","mottled swift","apus aequatorialis","mottled swift","apus aequatorialis","79","71"
"420","scarce swift","schoutedenapus myoptilus","scarce swift","schoutedenapus myoptilus","79","35"
"421","palm swift","cypsiurus parvus","african palm swift","cypsiurus parvus","79","69"
"422","mottled spinetail","telecanthura ussheri","mottle-throated spine-tailed swift","telecanthura ussheri","79","42"
"423","bohm's spinetail","neafrapus boehmi","bohm's spine-tailed swift","neafrapus boehmi","79","47"
"424","speckled mousebird","colius striatus","speckled mousebird","colius striatus","82","1"
"425","white-backed mousebird","colius colius","white-backed mousebird","colius colius","82","3"
"426","red-faced mousebird","colius indicus","red-faced mousebird","colius indicus","82","4"
"427","narina trogon","apaloderma narina","narina trogon","apaloderma narina","83","24"
"428","pied kingfisher","ceryle rudis","lesser pied kingfisher","ceryle rudis","84","5"
"429","giant kingfisher","ceryle maxima","giant kingfisher","ceryle maxima","84","2"
"430","half-collared kingfisher","alcedo semitorquata","half-collared kingfisher","alcedo semitorquata","84","12"
"431","malachite kingfisher","alcedo cristata","malachite kingfisher","alcedo cristata","84","17"
"432","pygmy kingfisher","ispidina picta","african pygmy kingfisher","ceyx picta","84","20"
"433","woodland kingfisher","halcyon senegalensis","woodland kingfisher","halcyon senegalensis","84","50"
"434","mangrove kingfisher","halcyon senegaloides","african mangrove kingfisher","halcyon senegaloides","84","51"
"435","brown-hooded kingfisher","halcyon albiventris","brown-hooded kingfisher","halcyon albiventris","84","53"
"436","grey-hooded kingfisher","halcyon leucocephala","grey-headed kingfisher","halcyon leucocephala","84","49"
"437","striped kingfisher","halcyon chelicuti","striped kingfisher","halcyon chelicuti","84","54"
"438","european bee-eater","merops apiaster","european bee-eater","merops apiaster","87","21"
"439","olive bee-eater","merops superciliosus","blue-cheeked bee-eater","merops superciliosus (superciliosus)","87","18"
"440","blue-cheecked bee-eater","merops persicus","blue-cheeked bee-eater","merops superciliosus (persicus)","87","18"
"441","carmine bee-eater","merops nubicoides","carmine bee-eater","merops nubicus","87","24"
"442","bohm's bee-eater","merops boehmi","boehm's bee-eater","merops boehmi","87","16"
"443","white-fronted bee-eater","merops bullockoides","white-fronted bee-eater","merops bullockoides","87","7"
"444","little bee-eater","merops pusillus","little bee-eater","merops pusillus","87","8"
"445","swallow-tailed bee-eater","merops hirundineus","swallow-tailed bee-eater","merops hirundineus","87","11"
"446","european roller","coracias garrulus","common roller","coracias garrulus","88","1"
"447","lilac-breasted roller","coracias caudata","lilac-breasted roller","coracias caudata","88","3"
"448","racquet-tailed roller","coracias spatulata","racquet-tailed roller","coracias spatulata","88","4"
"449","purple roller","coracias naevia","rufous-crowned roller","coracias naevia","88","5"
"450","broad-billed roller","eurystomus glaucurus","broad-billed roller","eurystomus glaucurus","88","9"
"451","hoopoe","upupa epops","hoopoe","upupa epops","91","1"
"452","red-billed wood hoopoe","phoeniculus purpureus","green wood hoopoe","phoeniculus purpureus","92","1"
"453","violet wood hoopoe","phoeniculus damarensis","violet wood hoopoe","phoeniculus damarensis","92","2"
"454","scimitar-billed wood hoopoe","rhinopomastus cyanomelas","scimitar-bill","rhinopomastus cyanomelas","92","8"
"455","trumpeter hornbill","bycanistes bucinator","trumpeter hornbill","bycanistes bucinator","93","35"
"456","silvery-cheeked hornbill","bycanistes brevis","silvery-cheeked hornbill","bycanistes brevis","93","38"
"457","grey hornbill","tockus nasutus","african grey hornbill","tockus nasutus","93","6"
"458","red-billed hornbill","tockus erythrorhynchus","red-billed hornbill","tockus erythrorhynchus","93","12"
"459","yellow-billed hornbill","tockus flavirostris","yellow-billed hornbill","tockus flavirostris","93","13"
"460","crowned hornbill","tockus alboterminatus","crowned hornbill","tockus alboterminatus","93","3"
"461","bradfield's hornbill","tockus bradfieldi","bradfield's hornbill","tockus bradfieldi","93","4"
"462","monteiro's hornbill","tockus monteiri","monteiro's hornbill","tockus monteiri","93","8"
"463","ground hornbill","bucorvus leadbeateri","southern ground hornbill","bucorvus leadbeateri","93","46"
"464","black-collared barbet","lybius torquatus","black-collared barbet","lybius torquatus","96","66"
"465","pied barbet","lybius leucomelas","pied barbet","tricholaema leucomelaina","96","59"
"466","white-eared barbet","stactolaema leucotis","white-eared barbet","smilorhis leucotis","96","43"
"467","whyte's barbet","stactolaema whytii","whyte's barbet","stactolaema whytii","96","46"
"468","woodward's barbet","cryptolybia woodwardi","green barbet","cryptolybia olivacea (woodwardi)","96","44"
"469","red-fronted tinker barbet","pogoniulus pusillus","red-fronted tinkerbird","pogoniulus pusillus","96","52"
"470","yellow-fronted tinker barbet","pogoniulus chrysoconus","yellow-fronted tinkerbird","pogoniulus chrysoconus","96","53"
"471","golden-rumped tinkerbarbet","pogoniulus bilineatus","golden-rumped tinkerbird","pogoniulus bilineatus","96","54"
"472","green tinker barbet","pogoniulus simplex","green tinkerbird","pogoniulus simplex","96","50"
"473","crested barbet","trachyphonus vaillantii","levaillant's barbet","trachyphonus vaillantii","96","77"
"474","greater honeyguide","indicator indicator","black-throated honeyguide","indicator indicator","97","6"
"475","scaly-throated honeyguide","indicator variegatus","scaly-throated honeyguide","indicator variegatus","97","5"
"476","lesser honeyguide","indicator minor","lesser honeyguide","indicator minor","97","8"
"477","eastern honeyguide","indicator meliphilus","eastern least honeyguide","indicator meliphilus","97","11"
"478","sharp-billed honeyguide","prodotiscus regulus","wahlberg's honeyguide","prodotiscus regulus","97","2"
"479","slender-billed honeyguide","prodotiscus zambesiae","cassin's honeyguide","prodotiscus insignis (zambesiae)","97","1"
"480","ground woodpecker","geocolaptes olivaceus","ground woodpecker","geocolaptes olivaceus","99","70"
"481","bennett's woodpecker","campethera bennettii","bennett's woodpecker","campethera bennettii","99","61"
"482","speckle-throated woodpecker","campethera scriptoricauda","bennett's woodpecker","campethera bennettii scriptoricauda","99","61"
"483","golden-tailed woodpecker","campethera abingoni","golden-tailed woodpecker","campethera abingoni","99","63"
"484","knysna woodpecker","campethera notata","knysna woodpecker","campethera notata","99","64"
"485","little spotted woodpecker","campethera cailliautii","little spotted woodpecker","campethera cailliautii","99","65"
"486","cardinal woodpecker","dendropicos fuscescens","cardinal woodpecker","dendropicos fuscescens","99","74"
"487","bearded woodpecker","thripias namaquus","bearded woodpecker","dendropicus namaquus","99","77"
"488","olive woodpecker","mesopicos griseocephalus","african grey-headed woodpecker","dendropicus griseocephalus","99","82"
"489","red-throated wryneck","jynx ruficollis","red-throated wryneck","jynx ruficollis","99","2"
"490","african broadbill","smithsornis capensis","african broadbill","smithsornis capensis","100","1"
"491","angola pitta","pitta angolensis","african pitta","pitta angolensis","111","18"
"492","melodious lark","mirafra cheniana","southern singing bush lark","mirafra cheniana","116","5"
"493","monotonous lark","mirafra passerina","white-tailed bush lark","mirafra passerina","116","7"
"494","rufous-naped lark","mirafra africana","rufous-naped bush lark","mirafra africana","116","12"
"495","clapper lark","mirafra apiata","clapper lark","mirafra apiata","116","16"
"496","flappet lark","mirafra rufocinnamomea","cinnamon bush lark","mirafra rufocinnamomea","116","15"
"497","fawn-coloured lark","mirafra africanoides","fawn-coloured bush lark","mirafra africanoides","116","17"
"498","sabota lark","mirafra sabota","sabota lark","mirafra sabota","116","25"
"499","rudds lark","heteromirafra ruddi","long-clawed lark","mirafra ruddi","116","19"
"500","long-billed lark","certhilauda curvirostris","long-billed lark","certhilauda curvirostris","116","30"
"501","short-clawed lark","certhilauda chauna","short-clawed lark","mirafra chauna","116","13"
"502","karoo lark","certhilauda albescens","karoo lark","certhilauda albescens","116","31"
"503","dune lark","certhilauda erythrochlamys","karoo lark","certhilauda albescens (erythrochlamys)","116","31"
"504","red lark","certhilauda burra","ferruginous lark","ammomanes burra","116","45"
"505","dusky lark","pinarocorys nigricans","dusky bush lark","pinarocorys nigricans","116","28"
"506","spike-heeled lark","chersomanes albofasciata","spike-heeled lark","certhilauda albofasciata","116","32"
"507","red-capped lark","calandrella cinerea","short-toed lark","calandrella cinerea","116","56"
"508","pink-billed lark","calandrella conirostris","pink-billed lark","spizocorys conirostris","116","62"
"509","botha's lark","calandrella fringillaris","botha's lark","botha fringillaris","116","67"
"510","sclater's lark","calandrella sclateri","sclater's short-toed lark","spizocorys sclateri","116","64"
"511","starke's lark","calandrella starki","starke's short-toed lark","spizocorys starki","116","63"
"512","thick-billed lark","galerida magnirostris","thick-billed lark","calendula magnirotris","116","75"
"513","bimaculated lark","melanocorphyra bimaculata","bimaculated lark","melanocorphyra bimaculata","116","50"
"514","gray's lark","ammomanes grayi","gray's lark","ammomanes grayi","116","44"
"515","chestnut-backed finchlark","eremopterix leucotis","chestnut-backed finchlark","eremopterix leucotis","116","34"
"516","grey-backed finchlark","eremopterix verticalis","grey-backed finchlark","eremopterix verticalis","116","36"
"517","black-eared finchlark","eremopterix australis","black-eared finchlark","eremopterix australis","116","33"
"518","european swallow","hirundo rustica","barn swallow","hirundo rustica","117","37"
"519","angola swallow","hirundo angolensis","angola swallow","hirundo angolensis","117","39"
"520","white-throated swallow","hirundo albigularis","white-throated swallow","hirundo albigularis","117","41"
"521","blue swallow","hirundo atrocaerulea","blue swallow","hirundo atrocaerulea","117","44"
"522","wire-tailed swallow","hirundo smithii","wire-tailed swallow","hirundo smithii","117","43"
"523","pearl-breasted swallow","hirundo dimidiata","pearl-breasted swallow","hirundo dimidiata","117","49"
"524","red-breasted swallow","hirundo semirufa","red-breasted swallow","hirundo semirufa","117","52"
"525","mosque swallow","hirundo senegalensis","mosque swallow","hirundo senegalensis","117","53"
"526","greater striped swallow","hirundo cucullata","greater striped swallow","hirundo cucullata","117","50"
"527","lesser striped swallow","hirundo abyssinica","lesser striped swallow","hirundo abyssinica","117","51"
"528","south african cliff swallow","hirundo spilodera","south african cliff swallow","petrochelidon spilodera","117","60"
"529","rock martin","hirundo fuligula","african rock martin","hirundo fuligula","117","35"
"530","house martin","delichon urbica","house martin","delichon urbica","117","66"
"531","grey-rumped swallow","pseudhirundo griseopyga","grey-rumped swallow","hirundo griseopyga","117","32"
"532","sand martin","riparia riparia","sand martin","riparia riparia","117","28"
"533","brown-throated martin","riparia paludicola","african sand martin","riparia paludicola","117","26"
"534","banded martin","riparia cincta","banded sand martin","riparia cincta","117","29"
"535","mascarene martin","phedina borbonica","mascarene martin","phedina borbonica","117","30"
"536","black saw-wing swallow","psalidoprogne holomelas","black saw-wing","psalidoprocne holomelaena","117","76"
"537","eastern saw-wing swallow","psalidoprogne orientalis","petit's saw-wing","psalidoprocne petiti (orientalis)","117","75"
"538","black cuckooshrike","campephaga flava","african black cuckoo shrike","campephaga flava","119","54"
"539","white-breasted cuckooshrike","coracina pectoralis","white-breasted cuckoo shrike","coracina pectoralis","119","23"
"540","grey cuckooshrike","coracina caesia","african grey cuckoo shrike","coracina caesia","119","22"
"541","fork-tailed drongo","dicrurus adsimilis","fork-tailed drongo","dicrurus adsimilis","168","4"
"542","square-tailed drongo","dicrurus ludwigii","square-tailed drongo","dicrurus ludwigii","168","2"
"543","european golden oriole","oriolus oriolus","golden oriole","oriolus oriolus","167","11"
"544","african golden oriole","oriolus auratus","african golden oriole","oriolus auratus","167","12"
"545","black-headed oriole","oriolus larvatus","african black-headed oriole","oriolus larvatus","167","18"
"546","green-headed oriole","oriolus chlorocephalus","green-headed oriole","oriolus chlorocephalus","167","14"
"547","black crow","corvus capensis","black crow","corvus capensis","175","86"
"548","pied crow","corvus albus","pied crow","corvus albus","175","105"
"549","house crow","corvus splendens","house crow","corvus splendens","175","76"
"550","white-necked raven","corvus albicollis","african white-necked raven","corvus albicollis","175","111"
"551","southern grey tit","parus afer","acacia grey tit","parus afer (afer)","145","24"
"552","ashy tit","parus cinerascens","acacia grey tit","parus afer (cinerascens)","145","24"
"553","northern grey tit","parus griseiventris","miombo grey tit","parus griseiventris","145","25"
"554","southern black tit","parus niger","southern black tit","parus niger","145","26"
"555","carp's tit","parus carpi","white-winged black tit","parus leucomelas (carpi)","145","27"
"556","rufous-bellied tit","parus rufiventris","rufous-bellied tit","parus rufiventris","145","33"
"557","cape penduline tit","anthoscopus minutus","southern kapok tit","anthoscopus minutus","144","8"
"558","grey penduline tit","anthoscopus caroli","african penduline tit","anthoscopus caroli","144","6"
"559","spotted creeper","salpornis spilonotus","spotted grey creeper","salpornis spilonotus","147","6"
"560","arrow-marked babbler","turdoides jardineii","arrow-marked babbler","turdoides jardineii","132","131"
"561","black-faced babbler","turdoides melanops","black-lored babbler","turdoides melanops","132","127"
"562","white-rumped babbler","turdoides hartlaubii","white-rumped babbler","turdoides leucopygius (hartlaubii)","132","133"
"563","southern pied babbler","turdoides bicolor","pied babbler","turdoides bicolor","132","136"
"564","bare-cheeked babbler","turdoides gymnogenys","bare-cheeked babbler","turdoides gymnogenys","132","137"
"565","bush blackcap","lioptilus nigricapillus","bush blackcap","lioptilus nigricapillus","132","227"
"566","cape bulbul","pycnonotus capensis","cape bulbul","pycnonotus capensis","120","22"
"567","red-eyed bulbul","pycnonotus nigricans","red-eyed bulbul","pycnonotus nigricans","120","21"
"568","black-eyed bulbul","pycnonotus barbatus","common bulbul","pycnonotus barbatus","120","23"
"569","terrestrial bulbul","phyllastrephus terrestris","bristle-necked brownbul","phyllastrephus terrestris","120","64"
"570","yellow-streaked bulbul","phyllastrephus flavostriatus","yellow-streaked greenbul","phyllastrephus flavostriatus","120","71"
"571","slender bulbul","phyllastrephus debilis","slender greenbul","phyllastrephus debilis","120","72"
"572","sombre bulbul","andropadus importunus","zanzibar slender greenbul","pycnonotus importunus","120","46"
"573","stripe-cheeked bulbul","andropadus milanjensis","stripe-cheeked greenbul","pycnonotus milanjensis","120","50"
"574","yellow-bellied bulbul","chlorocichla flaviventris","yellow-bellied greenbul","chlorocichla flaviventris","120","58"
"575","yellow-spotted nicator","nicator gularis","eastern nicator","nicator gularis","122","54"
"576","kurrichane thrush","turdus libonyana","kurrichane thrush","turdus libonyanus","130","256"
"577","olive thrush","turdus olivaceus","olive thrush","turdus olivaceus","130","253"
"578","spotted thrush","zoothera guttata","spotted ground thrush","zoothera guttata","130","220"
"579","orangethrush","zoothera gurneyi","orange ground thrush","zoothera gurneyi","130","215"
"580","groundscraper thrush","turdus litsitsrupa","groundscraper thrush","psophocichla litsitsrupa","130","260"
"581","cape rock thrush","monticola rupestris","cape rock thrush","monticola rupestris","130","182"
"582","sentinel rock thrush","monticola explorator","sentinel rock thrush","monticola explorator","130","183"
"583","short-toed rock thrush","monticola brevipes","short-toed rock thrush","monticola brevipes","130","184"
"584","miombo rock thrush","monticola angolensis","miombo rock thrush","monticola angolensis","130","186"
"585","european wheatear","oenanthe oenanthe","common wheatear","oenanthe oenanthe","130","166"
"586","mountain chat","oenanthe monticola","mountain chat","oenanthe monticola","130","177"
"587","capped wheatear","oenanthe pileata","capped wheatear","oenanthe pileata","130","179"
"588","buff-streaked chat","oenanthe bifasciata","buff-streaked chat","oenanthe bifasciata","130","162"
"589","familiar chat","cercomela familiaris","familiar chat","cercomela familiaris","130","134"
"590","tractrac chat","cercomela tractrac","layard's chat","cercomela tractrac","130","135"
"591","sickle-winged chat","cercomela sinuata","sicklewing chat","cercomela sinuata","130","133"
"592","karoo chat","cercomela schlegelii","karoo chat","cercomela schlegelii","130","136"
"593","mocking chat","thamnolaea cinnamomeiventris","cliffchat","thamnolaea cinnamomeiventris","130","159"
"594","arnot's chat","thamnolaea arnoti","white-headed black chat","myrmecocichla arnoti","130","156"
"595","southern anteating chat","myrmecocichla formicivora","southern anteater chat","myrmecocichla formicivora","130","154"
"596","stonechat","saxicola torquata","stonechat","saxicola torquata","130","146"
"597","whinchat","saxicola rubetra","whinchat","saxicola rubetra","130","142"
"598","choristor robin","cossypha dichroa","choristor robin chat","cossypha dichroa","130","52"
"599","heuglin's robin","cossypha heuglini","white-browed robin chat","cossypha heuglini","130","54"
"600","natal robin","cossypha natalensis","red-capped robin chat","cossypha natalensis","130","51"
"601","cape robin","cossypha caffra","cape robin chat","cossypha caffra","130","56"
"602","white-throated robin","cossypha humeralis","white-throated robin chat","cossypha humeralis","130","57"
"603","collared palmthrush","cichladusa arquata","collared morning warbler","cichladusa arquata","130","72"
"604","rufous-tailed palmthrush","cichladusa ruficauda","red-tailed morning warbler","cichladusa ruficauda","130","73"
"605","white-breasted alethe","alethe fuelleborni","white-chested alethe","alethe fuelleborni","130","77"
"606","starred robin","pogonocichla stellata","starred robin","pogonocichla stellata","130","23"
"607","swinnerton's robin","swynnertonia swynnertoni","swinnerton's bush robin","pogonocichla swynnertoni","130","24"
"608","gunning's robin","sheppardia gunningi","east coast akelat","erithacus gunningi","130","30"
"609","thrush nightingale","luscinia luscinia","thrush nightingale","erithacus luscinia","130","35"
"610","boulder chat","pinarornis plumosis","boulder chat","pinarornis plumosis","130","19"
"611","cape rockjumper","chaetops frenatus","rufous rockjumper","chaetops frenatus","130","20"
"612","orange-breasted rockjumper","chaetops aurantius","rufous rockjumper","chaetops frenatus (aurantius)","130","20"
"613","white-browed scrub robin","erythropygia leucophrys","white-browed scrub robin","erythropygia leucophrys","130","9"
"614","karoo robin","erythropygia coryphaeus","karoo scrub robin","erythropygia coryphaeus","130","7"
"615","kalahari robin","erythropygia paena","kalahari sandy scrub robin","erythropygia paena","130","12"
"616","brown robin","erythropygia signata","brown scrub robin","erythropygia signata","130","16"
"617","bearded robin","erythropygia quadrivirgata","eastern bearded scrub robin","erythropygia quadrivirgata","130","14"
"618","herero chat","namibornis herero","herero chat","namibornis herero","130","17"
"619","garden warbler","sylvia borin","garden warbler","sylvia borin","136","89"
"620","whitethroat","sylvia communis","whitethroat","sylvia communis","136","91"
"621","titbabbler","parisoma subcaeruleum","southern tit warbler","parisoma subcaeruleum","136","313"
"622","layard's titbabbler","parisoma layardi","layard's tit warbler","parisoma layardi","136","314"
"623","yellow-breasted hyliota","hyliota flavigaster","yellow-bellied flycatcher","hyliota flavigaster","136","346"
"624","mashona hyliota","hyliota australis","southern yellow-bellied flycatcher","hyliota australis","136","347"
"625","icterene warbler","hippolais icterina","icterene warbler","hippolais icterina","136","83"
"626","olivetree warbler","hippolais olivetorum","olive-tree warbler","hippolais olivetorum","136","85"
"627","river warbler","locustella fluviatilis","river warbler","locustella fluviatilis","136","41"
"628","great reed warbler","acrocephalus arundinaceus","great reed warbler","acrocephalus arundinaceus","136","55"
"629","basra reed warbler","acrocephalus griseldis","great reed warbler","acrocephalus arundinaceus (griseldis)","136","55"
"630","european reed warbler","acrocephalus scirpaceus","reed warbler","acrocephalus scirpaceus","136","52"
"631","african marsh warbler","acrocephalus baeticatus","african reed warbler","acrocephalus baeticatus","136","51"
"632","cinnamon reed warbler","acrocephalus cinnamomeus","african reed warbler","acrocephalus baeticatus (cinnamomeus)","136","51"
"633","european marsh warbler","acrocephalus palustris","marsh warbler","acrocephalus palustris","136","53"
"634","european sedge warbler","acrocephalus schoenobaenus","sedge warbler","acrocephalus schoenobaenus","136","45"
"635","cape reed warbler","acrocephalus gracilirostris","swamp warbler","acrocephalus gracilirostris","136","67"
"636","greater swamp warbler","acrocephalus rufescens","rufous swamp warbler","acrocephalus rufescens","136","68"
"637","yellow warbler","chloropeta natalensis","yellow warbler","chloropeta natalensis","136","77"
"638","african sedge warbler","bradypterus baboecala","african sedge warbler","bradypterus baboecala","136","17"
"639","barratt's warbler","bradypterus barratti","scrub warbler","bradypterus barratti","136","23"
"640","knysna warbler","bradypterus sylvaticus","knysna scrub warbler","bradypterus sylvaticus","136","26"
"641","victorin's warbler","bradypterus victorini","victorin's scrub warbler","bradypterus victorini","136","22"
"642","broad-tailed warbler","schoenicola brevirostris","broad-tailed warbler","schoenicola platyura (brevirostris)","136","326"
"643","willow warbler","phylloscopus trochilus","willow warbler","phylloscopus trochilus","136","104"
"644","yellow-throated warbler","seicercus ruficapillus","yellow-throated woodland warbler","phylloscopus ruficapilla","136","139"
"645","bar-throated apalis","apalis thoracica","bar-throated apalis","apalis thoracica","136","237"
"646","chiranda apalis","apalis chirindensis","chiranda apalis","apalis chirindensis","136","246"
"647","black-headed apalis","apalis melanocephala","black-headed apalis","apalis melanocephala","136","245"
"648","yellow-breasted apalis","apalis flavida","yellow-chested apalis","apalis flavida","136","231"
"649","rudd's apalis","apalis ruddi","rudd's apalis","apalis ruddi","136","233"
"650","red-faced crombec","sylvietta whytii","red-faced crombec","sylvietta whytii","136","306"
"651","long-billed crombec","sylvietta rufescens","long-billed crombec","sylvietta rufescens","136","309"
"652","red-capped crombec","sylvietta ruficapilla","red-capped crombec","sylvietta ruficapilla","136","302"
"653","yellow-bellied eremomela","eremomela icteropygialis","yellow-bellied eremomela","eremomela icteropygialis","136","291"
"654","karoo eremomela","eremomela gregalis","yellow-rumped eremomela","eremomela gregalis","136","297"
"655","green-capped eremomela","eremomela scotops","green-capped eremomela","eremomela scotops","136","294"
"656","burnt-necked eremomela","eremomela usticollis","burnt-neck eremomela","eremomela usticollis","136","301"
"657","green-backed bleating warbler","camaroptera brachyura","green-backed camaroptera","camaroptera brachyura","136","281"
"658","barred warbler","camaroptera fasciolata","barred camaroptera","camaroptera fasciolata","136","283"
"659","stierling's barred warbler","camaroptera stierlingi","stierling's wren warbler","camaroptera stierlingi","136","284"
"660","cinnamon-breasted warbler","euryptila subcinnamomea","kopje warbler","euryptila subcinnamomea","136","288"
"661","grassbird","sphenoeacus afer","cape grassbird","sphenoeacus afer","136","253"
"662","rockrunner","aechaetops pycnopygius","damaraland rock jumper","sphenoeacus pycnopygius","136","254"
"663","moustached warbler","melocichla mentalis","moustached grass warbler","sphenoeacus mentalis","136","252"
"664","fan-tailed cisticola","cisticola juncidis","fan-tailed warbler","cisticola juncidis","136","171"
"665","desert cisticola","cisticola aridula","desert cisticola","cisticola aridula","136","174"
"666","cloud cisticola","cisticola textrix","tink-tink cisticola","cisticola textrix","136","165"
"667","ayre's cisticola","cisticola ayresii","wing-snapping cisticola","cisticola ayresii","136","167"
"668","pale-crowned cisticola","cisticola brunnescens","pectoral-patch cisticola","cisticola brunnescens","136","166"
"669","grey-backed cisticola","cisticola subruficapilla","red-headed cisticola","cisticola subruficapilla","136","178"
"670","wailing cisticola","cisticola lais","wailing cisticola","cisticola lais","136","179"
"671","tinkling cisticola","cisticola rufilata","grey cisticola","cisticola rufilata","136","180"
"672","rattling cisticola","cisticola chiniana","rattling cisticola","cisticola chiniana","136","183"
"673","singing cisticola","cisticola cantans","singing cisticola","cisticola cantans","136","199"
"674","red-faced cisticola","cisticola erythrops","red-faced cisticola","cisticola erythrops","136","198"
"675","black-backed cisticola","cisticola galactotes","winding cisticola","cisticola galactotes","136","202"
"676","chirping cisticola","cisticola pipiens","chirping cisticola","cisticola pipiens","136","204"
"677","levaillant's cisticola","cisticola tinniens","levaillant's cisticola","cisticola tinniens","136","205"
"678","croaking cisticola","cisticola natalensis","croaking cisticola","cisticola natalensis","136","175"
"679","lazy cisticola","cisticola aberrans","lazy cisticola","cisticola aberrans","136","193"
"680","short-winged cisticola","cisticola brachyptera","siffling cisticola","cisticola brachyptera","136","188"
"681","neddicky","cisticola fulvicapilla","piping cisticola","cisticola fulvicapilla","136","191"
"682","red-winged warbler","heliolais erythoptera","red-winged warbler","heliolais erythoptera","136","261"
"683","tawny-flanked prinia","prinia subflava","tawny-flanked prinia","prinia subflava","136","206"
"684","roberts' prinia","prinia robertsi","roberts' prinia","prinia robertsi","136","212"
"685","black-chested prinia","prinia flavicans","black-chested prinia","prinia flavicans","136","207"
"686","spotted prinia","prinia maculosa","karoo prinia","prinia maculosa (maculosa)","136","208"
"687","namaqua prinia","phragmacia substriata","white-breasted prinia","prinia substriata","136","213"
"688","rufous-eared warbler","malcorus pectoralis","rufous-eared prinia","prinia pectoralis","136","216"
"689","spotted flycatcher","muscicapa striata","spotted flycatcher","muscicapa striata","138","75"
"690","dusky flycatcher","muscicapa adusta","dusky flycatcher","muscicapa adusta","138","83"
"691","blue-grey flycatcher","muscicapa caerulescens","ashy flycatcher","muscicapa coerulescens","138","90"
"692","collared flycatcher","ficedula albicollis","collared flycatcher","ficedula albicollis","138","25"
"693","fan-tailed flycatcher","myioparus plumbeus","grey tit flycatcher","myioparus plumbeus","138","101"
"694","black flycatcher","melaenornis pammelaina","south african black flycatcher","melaenornis pammelaina","138","10"
"695","marico flycatcher","melaenornis mariquensis","mariqua flycatcher","bradornis mariquensis","138","2"
"696","pallid flycatcher","melaenornis pallidus","pale flycatcher","bradornis pallidus","138","3"
"697","chat flycatcher","melaenornis infuscatus","african brown flycatcher","bradornis infuscatus","138","4"
"698","fiscal flycatcher","sigelus silens","fiscal flycatcher","melaenornis silens","138","11"
"699","vanga flycatcher","bias musicus","black and white flycatcher","bias musicus","139","2"
"700","cape batis","batis capensis","cape puff-back flycatcher","batis capensis","139","4"
"701","chinspot batis","batis molitor","chin-spot puff-back flycatcher","batis molitor","139","9"
"702","mozambique batis","batis soror","paler chin-spot puff-back flycatcher","batis soror","139","10"
"703","pririt batis","batis pririt","pririt puff-back flycatcher","batis pririt","139","11"
"704","woodward's batis","batis fratrum","zululand puff-back flycatcher","batis fratrum","139","8"
"705","wattle-eyed flycatcher","platysteira peltata","black-throated wattle-eye","platysteira peltata","139","21"
"706","fairy flycatcher","stenostira scita","fairy flycatcher","stenostira scita","136","345"
"707","livingstone's flycatcher","erythrocercus livingstonei","livingstone's flycatcher","phylloscopus trochilus","140","3"
"708","blue-mantled flycatcher","trochocercus cyanomelas","cape crested flycatcher","terpsiphone cyanomelas","140","9"
"709","white-tailed flycatcher","trochocercus albonotatus","white-tailed crested flycatcher","trochocercus albonotatus","140","6"
"710","paradise flycatcher","terpsiphone viridis","african paradise flycatcher","terpsiphone viridis","140","11"
"711","african pied wagtail","motacilla aguimp","african pied wagtail","motacilla aguimp","118","8"
"712","long-tailed wagtail","motacilla clara","mountain wagtail","motacilla clara","118","9"
"713","cape wagtail","motacilla capensis","cape wagtail","motacilla capensis","118","10"
"714","yellow wagtail","motacilla flava","yellow wagtail","motacilla flava","118","2"
"715","grey wagtail","motacilla cinerea","grey wagtail","motacilla cinerea","118","4"
"716","richard's pipit","anthus cinnamomeus","richard's pipit","anthus novaeseelandiae (cinnamomeus)","118","21"
"717","long-billed pipit","anthus similis","long-billed pipit","anthus similis","118","24"
"718","plain-backed pipit","anthus leucophrys","dark plain-backed pipit","anthus leucophrys","118","26"
"719","buffy pipit","anthus vaalensis","sandy plain-backed pipit","anthus vaalensis","118","25"
"720","striped pipit","anthus lineiventris","large-striped pipit","anthus lineiventris","118","36"
"721","rock pipit","anthus crenatus","large yellow-tufted pipit","anthus crenatus","118","42"
"722","tree pipit","anthus trivialis","tree pipit","anthus trivialis","118","29"
"723","bushveld pipit","anthus caffer","bushveld pipit","anthus caffer","118","38"
"724","short-tailed pipit","anthus brachyurus","short-tailed pipit","anthus brachyurus","118","37"
"725","yellow-breasted pipit","anthus chloris","yellow-breasted pipit","anthus chloris","118","41"
"726","golden pipit","tmetothylacus tenellus","golden pipit","tmetothylacus tenellus","118","12"
"727","orange-throated longclaw","macronyx capensis","cape longclaw","macronyx capensis","118","13"
"728","yellow-throated longclaw","macronyx croceus","yellow-throated longclaw","macronyx croceus","118","14"
"729","fulleborn's longclaw","macronyx fuellebornii","fulleborn's longclaw","macronyx fuellebornii","118","15"
"730","pink-throated longclaw","macronyx ameliae","rosy-breasted longclaw","macronyx ameliae","118","19"
"731","lesser grey shrike","lanius minor","lesser grey shrike","lanius minor","122","69"
"732","fiscal shrike","lanius collaris","fiscal shrike","lanius collaris","122","77"
"733","red-backed shrike","lanius collurio","red-backed shrike","lanius collurio","122","62"
"734","sousa's shrike","lanius souzae","sousa's shrike","lanius souzae","122","59"
"735","long-tailed shrike","corvinella melanoleuca","eastern long-tailed shrike","corvinella melanoleuca","122","57"
"736","southern boubou","laniarius ferrugineus","southern boubou","laniarius ferrugineus","122","29"
"737","tropical boubou","laniarius aethiopicus","tropical boubou","laniarius aethiopicus","122","27"
"738","swamp boubou","laniarius bicolor","gabon boubou","laniarius bicolor","122","28"
"739","crimson-breasted shrike","laniarius atrococcineus","burchell's gonolek","laniarius atrococcineus","122","33"
"740","puffback","dryoscopus cubla","black-backed puffback","dryoscopus cubla","122","14"
"741","brubru","nilaus afer","brubru shrike","nilaus afer","122","11"
"742","southern tchagra","tchagra tchagra","levailllant's bush shrike","tchagra tchagra","122","20"
"743","three-streaked tchagra","tchagra australis","brown-headed bush shrike","tchagra australis","122","21"
"744","black-crowned tchagra","tchagra senegala","black-headed bush shrike","tchagra senegala","122","19"
"745","marsh tchagra","tchagra minuta","lesser bush shrike","tchagra minuta","122","18"
"746","bokmakierie","telophorus zeylonus","bokmakierie shrike","telophorus zeylonus","122","44"
"747","gorgeous bush shrike","telophorus quadricolor","four coloured bush shrike","telophorus quadricolor","122","46"
"748","orange-breasted bush shrike","telophorus sulfureopectus","sulphur-breasted bush shrike","telophorus sulfureopectus","122","39"
"749","black-fronted bush shrike","telophorus nigrifrons","black-fronted bush shrike","telophorus nigrifrons","122","41"
"750","olive bush shrike","telophorus olivaceus","olive bush shrike","telophorus olivaceus","122","40"
"751","grey-headed bush shrike","malaconotus blanchoti","grey-headed bush shrike","malaconotus blanchoti","122","51"
"752","white-tailed shrike","lanioturdus torquatus","chat-shrike","lanioturdus torquatus","122","10"
"753","white helmetshrike","prionops plumatus","long-crested helmet shrike","prionops plumata","122","3"
"754","red-billed helmetshrike","prionops retzii","retz's red-billed helmet shrike","prionops retzii","122","7"
"755","chestnut-fronted helmetshrike","prionops scopifrons","chestnut-fronted helmet shrike","prionops scopifrons","122","9"
"756","white-crowned shrike","eurocephalus anguitimens","white-crowned shrike","eurocephalus anguitimens","122","2"
"757","european starling","sturnus vulgaris","common starling","sturnus vulgaris","166","78"
"758","indian mynah","acridotheres tristis","common mynah","acridotheres tristis","166","87"
"759","pied starling","spreo bicolor","pied starling","spreo bicolor","166","59"
"760","wattled starling","creatophora cinerea","wattled starling","creatophora cinerea","166","69"
"761","plum-coloured starling","cinnyricinclus leucogastor","violet starling","cinnyricinclus leucogastor","166","55"
"762","burchell's starling","lamprotornis australis","burchell's starling","lamprotornis australis","166","49"
"763","long-tailed starling","lamprotornis mevesii","longtailed purple starling","lamprotornis mevesii","166","50"
"764","glossy starling","lamprotornis nitens","red-shouldered glossy starling","lamprotornis nitens","166","42"
"765","greater blue-eared starling","lamprotornis chalybaeus","greater blue-eared glossy starling","lamprotornis chalybaeus","166","44"
"766","lesser blue-eared starling","lamprotornis chloropterus","lesser blue-eared glossy starling","lamprotornis chloropterus","166","45"
"767","sharp-tailed starling","lamprotornis acuticaudus","sharp-tailed glossy starling","lamprotornis acuticaudus","166","46"
"768","black-bellied starling","lamprotornis corruscus","black-bellied glossy starling","lamprotornis corruscus","166","41"
"769","red-winged starling","onychognathus morio","african red-winged starling","onychognathus morio","166","29"
"770","pale-winged starling","onychognathus nabouroup","pale-winged starling","onychognathus nabouroup","166","28"
"771","yellow-billed oxpecker","buphagus africanus","yellow-billed oxpecker","buphagus africanus","166","107"
"772","red-billed oxpecker","buphagus erythrorhynchus","red-billed oxpecker","buphagus erythrorhynchus","166","108"
"773","cape sugarbird","promerops cafer","cape sugarbird","promerops cafer","153","170"
"774","gurney's sugarbird","promerops gurneyi","gurney's sugarbird","promerops gurneyi","153","171"
"775","malachite sunbird","nectarinia famosa","yellow-tufted malachite sunbird","nectarinia famosa","151","87"
"776","bronze sunbird","nectarinia kilimensis","bronze sunbird","nectarinia kilimensis","151","92"
"777","orange-breasted sunbird","nectarinia violacea","orange-breasted sunbird","nectarinia violacea","151","70"
"778","coppery sunbird","nectarinia cuprea","coppery sunbird","nectarinia cuprea","151","74"
"779","marico sunbird","nectarinia mariquensis","mariqua sunbird","nectarinia mariquensis","151","79"
"780","purple-banded sunbird","nectarinia bifasciata","purple-banded sunbird","nectarinia bifasciata","151","81"
"781","shelley's sunbird","nectarinia shelleyi","shelley's sunbird","nectarinia shelleyi","151","78"
"782","neergaard's sunbird","nectarinia neergaardi","neergaard's sunbird","nectarinia neergaardi","151","63"
"783","lesser double-collared sunbird","nectarinia chalybea","lesser double-collared sunbird","nectarinia chalybea","151","59"
"784","miombo double-collared sunbird","nectarinia manoensis","lesser double-collared sunbird","nectarinia chalybea (manoensis)","151","59"
"785","greater double-collared sunbird","nectarinia afra","greater double-collared sunbird","nectarinia afra","151","60"
"786","yellow-bellied sunbird","nectarinia venusta","variable sunbird","nectarinia venusta","151","55"
"787","white-bellied sunbird","nectarinia talatala","southern white-bellied sunbird","nectarinia talatala","151","56"
"788","dusky sunbird","nectarinia fusca","dusky sunbird","nectarinia fusca","151","58"
"789","grey sunbird","nectarinia veroxii","mouse-coloured sunbird","nectarinia veroxii","151","23"
"790","olive sunbird","nectarinia olivacea","olive sunbird","nectarinia olivacea","151","21"
"791","scarlet-chested sunbird","nectarinia senegalensis","scarlet-chested sunbird","nectarinia senegalensis","151","37"
"792","black sunbird","nectarinia amethystina","amethyst sunbird","nectarinia amethystina","151","36"
"793","collared sunbird","anthreptes collaris","collared sunbird","anthreptes collaris","151","16"
"794","blue-throated sunbird","anthreptes reichenowi","plain-backed sunbird","anthreptes reichenowi","151","3"
"795","violet-backed sunbird","anthreptes longuemarei","violet-backed sunbird","anthreptes longuemarei","151","9"
"796","cape white-eye","zosterops pallidus","pale white-eye","zosterops pallida","152","50"
"797","yellow white-eye","zosterops senegalensis","african yellow white-eye","zosterops senegalensis","152","51"
"798","red-billed buffalo weaver","bubalornis niger","white-billed buffalo weaver","bubalornis albirostris (niger)","165","11"
"799","white-browed sparrow-weaver","plocepasser mahali","white-browed sparrow-weaver","plocepasser mahali","165","13"
"800","sociable weaver","philetairus socius","sociable weaver","philetairus socius","165","20"
"801","house sparrow","passer domesticus","house sparrow","passer domesticus","165","22"
"802","great sparrow","passer motitensis","great sparrow","passer motitensis","165","29"
"803","cape sparrow","passer melanurus","cape sparrow","passer melanurus","165","30"
"804","grey-headed sparrow","passer griseus","grey-headed sparrow","passer griseus","165","33"
"805","yellow-throated sparrow","petronia supercillaris","south african rock sparrow","petronia supercillaris","165","45"
"806","scaly-feathered finch","sporopipes squamifrons","scaly weaver","sporopipes squamifrons","165","54"
"807","thick-billed weaver","amblyospiza albifrons","grosbeak weaver","amblyospiza albifrons","165","56"
"808","forest weaver","ploceus bicolor","forest weaver","ploceus bicolor","165","109"
"809","olive-headed weaver","ploceus olivaceiceps","olive-headed golden weaver","ploceus olivaceiceps","165","112"
"810","spectacled weaver","ploceus ocularis","spectacled weaver","ploceus ocularis","165","65"
"811","spotted-backed weaver","ploceus cucullatus","village weaver","ploceus cucullatus","165","88"
"812","chestnut weaver","ploceus rubiginosus","chestnut weaver","ploceus rubiginosus","165","98"
"813","cape weaver","ploceus capensis","cape weaver","ploceus capensis","165","69"
"814","masked weaver","ploceus velatus","african masked weaver","ploceus velatus","165","83"
"815","lesser masked weaver","ploceus intermedius","lesser masked weaver","ploceus intermedius","165","82"
"816","golden weaver","ploceus xanthops","holub's golden weaver","ploceus xanthops","165","72"
"817","yellow weaver","ploceus subaureus","golden weaver","ploceus subaureus","165","71"
"818","brown-throated weaver","ploceus xanthopterus","brown-throated golden weaver","ploceus xanthopterus","165","78"
"819","red-headed weaver","anaplectes rubriceps","red-headed weaver","anaplectes melanotis (rubriceps)","165","128"
"820","cuckoo weaver","anomalospiza imberbis","parasitic weaver","anomalospiza imberbis","165","155"
"821","red-billed quelea","quelea quelea","red-billed quelea","quelea quelea","165","131"
"822","red-headed quelea","quelea erythrops","red-headed quelea","quelea erythrops","165","130"
"823","cardinal quelea","quelea cardinalis","cardinal quelea","quelea cardinalis","165","129"
"824","red bishop","euplectes orix","red bishop","euplectes orix","165","145"
"825","fire-crowned bishop","euplectes hordaceus","red-crowned bishop","euplectes hordacea","165","144"
"826","golden bishop","euplectes afer","golden bishop","euplectes afer","165","140"
"827","yellow-rumped widow","euplectes capensis","yellow-rumped bishop","euplectes capensis","165","147"
"828","red-shouldered widow","euplectes axillaris","fan-tailed whydah","euplectes axillaris","165","148"
"829","white-winged widow","euplectes albonotatus","white-winged whydah","euplectes albonotatus","165","151"
"830","yellow-backed widow","euplectes macrourus","yellow-mantled whydah","euplectes macrourus","165","149"
"831","red-collared widow","euplectes ardens","red-collared whydah","euplectes ardens","165","152"
"832","long-tailed widow","euplectes progne","long-tailed whydah","euplectes progne","165","153"
"833","golden-backed pytilla","pytilia afra","orange-winged pytilla","pytilia afra","164","12"
"834","melba finch","pytilia melba","green-winged pytilla","pytilia melba","164","13"
"835","green twinspot","mandingoa nitidula","green-backed twin-spot","mandingoa nitidula","164","14"
"836","red-faced crimsonwing","cryptospiza reichenovii","red-faced crimson-wing","cryptospiza reichenovii","164","15"
"837","nyasa seedcracker","pyrenestes minor","lesser seedcracker","pyrenestes minor","164","21"
"838","pink-throated twinspot","hypargos margaritatus","rosy twin-spot","hypargos margaritatus","164","26"
"839","red-throated twinspot","hypargos niveoguttatus","peter's twinspot","hypargos niveoguttatus","164","27"
"840","blue-billed firefinch","lagonosticta rubricata","african fire finch","lagonosticta rubricata","164","35"
"841","jameson's firefinch","lagonosticta rhodopareia","jameson's fire finch","lagonosticta rhodopareia","164","37"
"842","red-billed firefinch","lagonosticta senegala","red-billed fire finch","lagonosticta senegala","164","33"
"843","brown firefinch","lagonosticta nitidula","brown fire finch","lagonosticta nitidula","164","32"
"844","blue waxbill","uraeginthus angolensis","cordon bleu","uraeginthus angolensis","164","38"
"845","violet-eared waxbill","uraeginthus granatinus","common grenadier","uraeginthus granitina","164","41"
"846","common waxbill","estrilda astrild","common waxbill","estrilda astrild","164","53"
"847","black-cheeked waxbill","estrilda erythronotos","black-cheeked waxbill","estrilda erythronotos","164","57"
"848","grey waxbill","estrilda perreini","black-tailed waxbill","estrilda perreini","164","44"
"849","cinderella waxbill","estrilda thomensis","cinderella waxbill","estrilda thomensis","164","45"
"850","swee waxbill","estrilda melanotis","yellow-bellied waxbill","estrilda melanotis","164","46"
"851","east african swee","estrilda quartinia","yellow-bellied waxbill","estrilda melanotis (quartinia)","164","46"
"852","quail finch","ortygospiza atricollis","african quail finch","ortygospiza atricollis","164","62"
"853","locust finch","ortygospiza locustella","locust finch","ortygospiza locustella","164","64"
"854","orange-breasted waxbill","sporaeginthus subflavus","zebra waxbill","amandava subflava","164","61"
"855","cutthroat finch","amadina fasciata","cut-throat weaver","amadina fasciata","164","128"
"856","red-headed finch","amadina erythocephala","paradise sparrow","amadina erythocephala","164","127"
"857","bronze mannikin","spermestes cucullatus","bronze mannikin","lonchura cucullata","164","94"
"858","red-backed mannikin","spermestes bicolor","black and white mannikin","lonchura bicolor","164","95"
"859","pied mannikin","spermestes fringilloides","magpie mannikin","lonchura fringilloides","164","96"
"860","pin-tailed whydah","vidua macroura","pin-tailed whydah","vidua macroura","165","8"
"861","shaft-tailed whydah","vidua regia","shaft-tailed whydah","vidua regia","165","7"
"862","paradise whydah","vidua paradisaea","paradise whydah","vidua paradisaea","165","9"
"863","broad-tailed paradise whydah","vidua obtusa","broad-tailed paradise whydah","vidua orientalis (obtusa)","165","10"
"864","black widowfinch","vidua funerea","variable indigobird","vidua funerea","165","3"
"865","purple widowfinch","vidua purpurascens","dusky indigobird","vidua purpurascens","165","2"
"866","violet widowfinch","vidua incognita","not recorded","not recorded","165","4"
"867","steel-blue widowfinch","vidua chalybeata","village indigobird","vidua chalybeata","165","1"
"868","chaffinch","fringilla coelebs","chaffinch","fringilla coelebs","163","1"
"869","yellow-eyed canary","serinus mozambicus","yellow-fronted canary","serinus mozambicus","163","19"
"870","black-throated canary","serinus atrogularis","yellow-rumped seedeater","serinus atrogularis","163","17"
"871","lemon-breasted canary","serinus citrinipectus","lemon-breasted seedeater","serinus citrinipectus","163","18"
"872","cape canary","serinus canicollis","yellow-crowned canary","serinus canicollis","163","10"
"873","forest canary","serinus scotops","forest canary","serinus scotops","163","15"
"874","cape siskin","serinus totta","cape siskin","serinus totta","163","33"
"875","drakensberg siskin","serinus symonsi","cape siskin","serinus totta (symonsi)","163","33"
"876","black-headed canary","serinus alario","black-headed canary","serinus alario","163","34"
"877","bully canary","serinus sulphuratus","brimstone canary","serinus sulphuratus","163","22"
"878","yellow canary","serinus flaviventris","yellow canary","serinus flaviventris","163","21"
"879","white-throated canary","serinus albogularis","white-throated seedeater","serinus albogularis","163","23"
"880","protea canary","serinus leucopterus","white-winged seedeater","serinus leucopterus","163","32"
"881","streaky-headed canary","serinus gularis","streaky-headed seedeater","serinus gularis","163","24"
"882","black-eared canary","serinus mennelli","black-eared seedeater","serinus mennelli","163","25"
"883","cabanis's bunting","emberiza cabanisi","cabanis' yellow bunting","emberiza cabanisi","154","31"
"884","golden-breasted bunting","emberiza flaviventris","golden-breasted bunting","emberiza flaviventris","154","29"
"885","cape bunting","emberiza capensis","cape bunting","emberiza capensis","154","19"
"886","rock bunting","emberiza tahapisi","cinnamon-breasted rock bunting","emberiza tahapisi","154","17"
"887","lark-like bunting","emberiza impetuani","lark-like bunting","emberiza impetuani","154","16"
"901","mountain pipit","anthus hoeschi","not recorded","not recorded","118","22"
"902","lesser yellowlegs","tringa flavipes","lesser yellowlegs","tringa flavipes","58","20"
"903","red-throated pipit","anthus cervinus","red-throated pipit","anthus cervinus","118","32"
"904","red-rumped swallow","hirundo daurica","red-rumped swallow","hirundo daurica","117","54"
"905","laysan albatross","diomedea immutabilis","laysan albatross","diomedea immutabilis","10","6"
"906","greater yellowlegs","tringa melanoleuca","greater yellowlegs","tringa melanoleuca","58","19"
"907","pied wheatear","oenanthe pleschanka","pied wheatear","oenanthe pleschanka","130","174"
"908","kentish plover","charadrius alexandrinus","kentish plover","charadrius alexandrinus","57","40"
"909","wood pipit","anthus nyassae","long-billed pipit","anthus similis (nyassae)","118","24"
"910","red-billed tropic bird","phaethon aethereus","red-billed tropic bird","phaethon aethereus","14","1"
"911","european blackcap","sylvia atricapilla","blackcap","sylvia atricapilla","136","90"
"912","greater sheathbill","chionis alba","snowy sheathbill","chionis alba","60","1"
"913","white-headed saw-wing swallow","psalidoprogne albiceps","white-headed saw-wing","psalidoprocne albiceps","117","71"
"914","hudsonian godwit","limosa haemastica","hudsonian godwit","limosa haemastica","58","2"
"915","isabelline wheatear","oenanthe isabellina","isabelline wheatear","oenanthe isabellina","130","163"
"916","european redstart","phoenicurus phoenicurus","redstart","phoenicurus phoenicurus","130","92"
"917","white-throated bee-eater","merops albicollis","white-throated bee-eater","merops albicollis","87","14"
"918","matsudiara's storm petrel","oceanodroma matsudairae","matsudiara's storm petrel","oceanodroma matsudairae","12","14"
"919","european turtle dove","streptopelia turtur","turtle dove","streptopelia turtur","66","52"
"920","spur-winged plover","vanellus spinosus","spur-winged plover","vanellus spinosus","57","3"
"921","red-footed booby","sula sula","red-footed booby","sula sula","16","8"
"922","lesser frigatebird","fregata ariel","lesser frigatebird","fregata ariel","19","5"
"923","mallard","anas platyrhynchos","mallard","anas platyrhynchos","27","79"
"924","common peafowl","pavo cristatus","common peafowl","pavo cristatus","35","202"
"925","madagascar cuckoo","cuculus rochii","little cuckoo","cuculus poliocephalus (rochii)","71","16"
"926","gentoo penguin","pygoscelis papua","gentoo penguin","pygoscelis papua","7","3"
"927","magellanic penguin","spheniscus magellanicus","magellanic penguin","spheniscus magellanicus","7","17"
"928","buller's albatross","diomedea bulleri","buller's albatross","diomedea bulleri","10","8"
"929","juoanin's petrel","bulweria fallax","juoanin's petrel","bulweria fallax","11","44"
"930","antarctic prion","pachyptila desolata","dove prion","pachyptila desolata","11","39"
"931","salvin's prion","pachyptila salvini","salvin's prion","pachyptila salvini","11","38"
"932","spectacled petrel","procellaria conspicillata","white-chinned petrel","procellaria aequinoctialis (conspicillata)","11","46"
"933","streaked shearwater","calonectris leucomelas","white-faced shearwater","calonectris leucomelas","11","49"
"934","yelkouan shearwater","puffinis yelkouan","manx shearwater","puffinus puffinus (yelkouan)","11","60"
"935","mascarene shearwater","puffinis atrodorsallis","not recorded","not recorded","11","67"
"937","white-faced storm petrel","pelagodroma marina","white-faced storm petrel","pelagodroma marina","12","4"
"938","little blue heron","egretta caerulea","little blue heron","egretta caerulea","20","40"
"939","ruppel's vulture","gyps rupelli","ruppel's griffon","gyps rueppellii","30","50"
"940","yellow-billed kite","milvus parasitus","black kite","milvus migrans (parasitus)","30","29"
"941","northern black korhaan","eupodotis afraoides","little black bustard","afrotis afra (afraoides)","48","15"
"942","american golden plover","pluvialis dominica","american golden plover","pluvialis dominica","57","26"
"943","grey-headed parrot","poicephalus suahelicus","cape parrot","poicephalus robustus (suahelicus)","69","81"
"944","livingstone's turaco","tauraco livingstonii","knysna turaco","tauraco corythaix (livingstonii)","70","9"
"945","schalow's turaco","tauraco schalowi","knysna turaco","tauraco corythaix (schalowi)","70","9"
"946","white-browed coucal","centropus superciliosus","white-browed coucal","centropus superciliosus","71","125"
"947","barlow's lark","certhilauda barlowi","karoo lark","certhilauda albescens (barlowi)","116","31"
"948","grey-backed bleating bushwarbler","camaroptera brevicaudata","grey-backed cameroptera","camaroptera brevicaudata","136","282"
"949","drakensberg prinia","prinia hypoxantha","karoo prinia","prinia maculosa (hypoxantha)","136","208"
"951","citrine wagtail","moticilla citreola","citrine wagtail","moticilla citreola","118","3"
"952","long-tailed pippit","anthus longicaudus","not recorded","not recorded","118","100"
"953","western olive sunbird","nectaninia obscura","olive sunbird","nectarinia olivacea (obscura)","151","21"
"954","green indigobird","vidua codringtoni","variable indigobird","vidua funerea (codringtoni)","165","3"
"955","slender-billed gull","larus genei","slender-billed gull","larus genei","62","38"
"1001","diamond bird","NULL","*","NULL","200","0"
